category,title,emoji,bytes,bundled,local_path,source_url,used_in
"soundtrack-playlist","Celtic Autumn Harvest","🍀","30964485","false","media/music/001-celtic-autumn-harvest.mp3","https://user.uploads.dev/file/729d51bd7f3d73e53f39e40abed63b46.mp3","index.html: window.defaultMusicTracks"
"soundtrack-playlist","Retro Synthwave","🛼","59499837","false","media/music/002-retro-synthwave.mp3","https://user.uploads.dev/file/e376c269e716e1643f79a0f8e60953e1.mp3","index.html: window.defaultMusicTracks"
"soundtrack-playlist","Soft Gentle Piano","🎹","56319597","false","media/music/003-soft-gentle-piano.mp3","https://user.uploads.dev/file/1e1da2252b897499207306428851ae22.mp3","index.html: window.defaultMusicTracks"
"soundtrack-playlist","Cozy Quiet Tavern, Guitar","☕","86103282","false","media/music/004-cozy-quiet-tavern-guitar.mp3","https://user.uploads.dev/file/a478e09e8bd083f2f0f4926c11b26f74.mp3","index.html: window.defaultMusicTracks"
"soundtrack-playlist","Immersive Epic Fantasy","⚔️","37069146","false","media/music/005-immersive-epic-fantasy.mp3","https://user.uploads.dev/file/6182d658570e7ed2f73279d3f9181ecb.mp3","index.html: window.defaultMusicTracks"
"soundtrack-playlist","Soft Elegant Piano","🎹","48036813","false","media/music/006-soft-elegant-piano.mp3","https://user.uploads.dev/file/41715fa7a7d1073b1cee22434e8e737f.mp3","index.html: window.defaultMusicTracks"
"soundtrack-playlist","Summer Vibes, River","🏞️","86690096","false","media/music/007-summer-vibes-river.mp3","https://user.uploads.dev/file/ed7af5c07ce4377c20d07aeda39d968b.mp3","index.html: window.defaultMusicTracks"
"soundtrack-playlist","Preparing for the Quest","📜","86443709","false","media/music/008-preparing-for-the-quest.mp3","https://user.uploads.dev/file/9e07a06b6549837087c5e7b61a5f01fd.mp3","index.html: window.defaultMusicTracks"
"soundtrack-playlist","Forest Adventure, Ambient","🌲","88505084","false","media/music/009-forest-adventure-ambient.mp3","https://user.uploads.dev/file/b8b0cc48d8fb1e6ee1a314250d3e2307.mp3","index.html: window.defaultMusicTracks"
"soundtrack-playlist","Rainy Day, Piano","☕️","86461890","false","media/music/010-rainy-day-piano.mp3","https://user.uploads.dev/file/5eacd0122359eaa89d1b282d1e24bf59.mp3","index.html: window.defaultMusicTracks"
"soundtrack-playlist","Morning Vibes, Lofi","🧘‍♀️","86429916","false","media/music/011-morning-vibes-lofi.mp3","https://user.uploads.dev/file/abf990528e3427eebf79885a5fcbf32a.mp3","index.html: window.defaultMusicTracks"
"soundtrack-playlist","80's Lofi Hiphop","🌃","131205257","false","media/music/012-80s-lofi-hiphop.mp3","https://user.uploads.dev/file/1979704506beb8cc5b8fd144c0d9ace7.mp3","index.html: window.defaultMusicTracks"
"soundtrack-playlist","Epic Cinematic Awe","🍿","80253315","false","media/music/013-epic-cinematic-awe.mp3","https://user.uploads.dev/file/24d46ec59d00c174a321b3b3a77f3c89.mp3","index.html: window.defaultMusicTracks"
"soundtrack-playlist","Eastern Fantasy Vibes","⛩️","89808813","false","media/music/014-eastern-fantasy-vibes.mp3","https://user.uploads.dev/file/fd7672362acd646710b111845b585f27.mp3","index.html: window.defaultMusicTracks"
"soundtrack-playlist","Cozy Fairytail Fantasy","🧚‍♀️","87791000","false","media/music/015-cozy-fairytail-fantasy.mp3","https://user.uploads.dev/file/50a953934d550f9487c249a7b0b80bbd.mp3","index.html: window.defaultMusicTracks"
"soundtrack-playlist","Ambient Tranquil Fantasy","🪷","86402958","false","media/music/016-ambient-tranquil-fantasy.mp3","https://user.uploads.dev/file/acfdbc7c843c29cf286caa3d244a3ee0.mp3","index.html: window.defaultMusicTracks"
"soundtrack-playlist","Fantasy Exploration (Calm)","🗺️","164384517","false","media/music/017-fantasy-exploration-calm.mp3","https://user.uploads.dev/file/6252394fcf3c193823018f370d218fda.mp3","index.html: window.defaultMusicTracks"
"soundtrack-playlist","Ambient Ethereal Vocals","🌫️","182441781","false","media/music/018-ambient-ethereal-vocals.mp3","https://user.uploads.dev/file/31dc821b63f0db13a7b3ede3d891c5b2.mp3","index.html: window.defaultMusicTracks"
"soundtrack-playlist","Ambient Hogwarts Vibe","🧹","53027133","false","media/music/019-ambient-hogwarts-vibe.mp3","https://user.uploads.dev/file/ab8afcfb0aa8883463fc7386efd87472.mp3","index.html: window.defaultMusicTracks"
"soundtrack-playlist","Calm Dark Academia Piano","🤎","54636285","false","media/music/020-calm-dark-academia-piano.mp3","https://user.uploads.dev/file/ef26fe8e4895ebe4125b554b287e7e14.mp3","index.html: window.defaultMusicTracks"
"soundtrack-playlist","Calming Japanese Instrumental","🎐","56671941","false","media/music/021-calming-japanese-instrumental.mp3","https://user.uploads.dev/file/214833b84e77432e311c2e47ac2ba440.mp3","index.html: window.defaultMusicTracks"
"soundtrack-playlist","Celtic Harp","𝄞","47404115","false","media/music/022-celtic-harp.mp3","https://user.uploads.dev/file/8ae7e6dec7ff288ff4f4d25b9911544c.mp3","index.html: window.defaultMusicTracks"
"soundtrack-playlist","Cozy Hobbit Living Room","🧒","56935067","false","media/music/023-cozy-hobbit-living-room.mp3","https://user.uploads.dev/file/469c4fd6a3e83465d6283e0483da5000.mp3","index.html: window.defaultMusicTracks"
"soundtrack-playlist","Dark Academia Train Ride","🚂","107591733","false","media/music/024-dark-academia-train-ride.mp3","https://user.uploads.dev/file/b91c4b0fd0016138e7c721062a284c43.mp3","index.html: window.defaultMusicTracks"
"soundtrack-playlist","Gentle Fantasy Anime Vibe","👒","33961533","false","media/music/025-gentle-fantasy-anime-vibe.mp3","https://user.uploads.dev/file/1855082aa8fab9675e0341b39a424e3d.mp3","index.html: window.defaultMusicTracks"
"soundtrack-playlist","Gentle Inspiring Piano","🍂","44814021","false","media/music/026-gentle-inspiring-piano.mp3","https://user.uploads.dev/file/3b940c4fa4201074a7b112495cf5a14b.mp3","index.html: window.defaultMusicTracks"
"soundtrack-playlist","Japanese Instrumentals","🍵","26997189","false","media/music/027-japanese-instrumentals.mp3","https://user.uploads.dev/file/7c6df2b832f50bacf1777520acb1ded3.mp3","index.html: window.defaultMusicTracks"
"soundtrack-playlist","Japanese Road Trip","🗼","92784525","false","media/music/028-japanese-road-trip.mp3","https://user.uploads.dev/file/ee667bb34fa81e92339b0037dcc5ccc7.mp3","index.html: window.defaultMusicTracks"
"soundtrack-playlist","Japanese Upbeat Wistful","🩹","43976997","false","media/music/029-japanese-upbeat-wistful.mp3","https://user.uploads.dev/file/e2f34e6fb2c53c91d5ebef6183288d4d.mp3","index.html: window.defaultMusicTracks"
"soundtrack-playlist","Kawaii Vocals","🧋","64682373","false","media/music/030-kawaii-vocals.mp3","https://user.uploads.dev/file/4a376965fe387eea741349869e26cd96.mp3","index.html: window.defaultMusicTracks"
"soundtrack-playlist","Medieval Folk","📜","30208363","false","media/music/031-medieval-folk.mp3","https://user.uploads.dev/file/0486809b5b02408acb3d2ad36942fc1a.mp3","index.html: window.defaultMusicTracks"
"soundtrack-playlist","Difficult Journey Orchestral","🏔️","44442601","false","media/music/032-difficult-journey-orchestral.mp3","https://user.uploads.dev/file/aac989d61ca39bd66553ddc13fd93ec8.mp3","index.html: window.defaultMusicTracks"
"soundtrack-playlist","Relaxing Celtic","💚","51920589","false","media/music/033-relaxing-celtic.mp3","https://user.uploads.dev/file/073662830cd824d640f28de796e9e465.mp3","index.html: window.defaultMusicTracks"
"soundtrack-playlist","Relaxing Iconic Piano","🥇","18511893","false","media/music/034-relaxing-iconic-piano.mp3","https://user.uploads.dev/file/753e04549c0d30e10447b981afcfb0fd.mp3","index.html: window.defaultMusicTracks"
"soundtrack-playlist","Soft Hymnal Instrumental","🎼","66127131","false","media/music/035-soft-hymnal-instrumental.mp3","https://user.uploads.dev/file/a3378e7e12e1ce7cf3a464056e79ef86.mp3","index.html: window.defaultMusicTracks"
"soundtrack-playlist","Scottish Highlands (Bagpipes)","🏴󠁧󠁢󠁳󠁣󠁴󠁿","47109045","false","media/music/036-scottish-highlands-bagpipes.mp3","https://user.uploads.dev/file/bbfda1aa43149980d104bbc84d9f4da6.mp3","index.html: window.defaultMusicTracks"
"soundtrack-playlist","Serene Sci-Fi","🪐","115795197","false","media/music/037-serene-sci-fi.mp3","https://user.uploads.dev/file/f463c6e7c8b6e6abae2acdf423a72f90.mp3","index.html: window.defaultMusicTracks"
"soundtrack-playlist","Soft Sci-Fi","☄️","56580141","false","media/music/038-soft-sci-fi.mp3","https://user.uploads.dev/file/5ca2c3e11243c1dec20b274ce6d8d2ec.mp3","index.html: window.defaultMusicTracks"
"soundtrack-playlist","Soothing Elven Vocals","🧝‍♀️","141710243","false","media/music/039-soothing-elven-vocals.mp3","https://user.uploads.dev/file/5d11408fd625df97743095488c2284a5.mp3","index.html: window.defaultMusicTracks"
"soundtrack-playlist","Tokyo Vibes","🗼","89810901","false","media/music/040-tokyo-vibes.mp3","https://user.uploads.dev/file/c8100c5ba725441c747a0483bbf3f3fe.mp3","index.html: window.defaultMusicTracks"
"soundtrack-playlist","Very Gentle Ethereal","😌","45425373","false","media/music/041-very-gentle-ethereal.mp3","https://user.uploads.dev/file/0bf90087944ff9b441089fc0d54ad03a.mp3","index.html: window.defaultMusicTracks"
"soundtrack-playlist","Wistful Peaceful Forest","🍃","97786653","false","media/music/042-wistful-peaceful-forest.mp3","https://user.uploads.dev/file/2f3b33d14df71a83c371cc51441e9ac7.mp3","index.html: window.defaultMusicTracks"
"soundtrack-playlist","Wistful Piano","🕊","37626645","false","media/music/043-wistful-piano.mp3","https://user.uploads.dev/file/7f06357b5112c77e1139d38778dacb86.mp3","index.html: window.defaultMusicTracks"
"soundtrack-playlist","Wistful Sci-Fi","🌌","42147987","false","media/music/044-wistful-sci-fi.mp3","https://user.uploads.dev/file/ca38400ca13388c03fb689b0ab528dbf.mp3","index.html: window.defaultMusicTracks"
"animated-scene","Afternoon Marketplace","🧺","2421600","false","media/scenes/001-afternoon-marketplace.mp4","https://user.uploads.dev/file/a7732352677934ad3ac0e98e577efb56.mp4","index.html: window.defaultBackgroundVisuals"
"animated-scene","Solarpunk City","🏙","755719","false","media/scenes/002-solarpunk-city.mp4","https://user.uploads.dev/file/404076e6bb950071724c709956a1ca7c.mp4","index.html: window.defaultBackgroundVisuals"
"animated-scene","Ocean View","🌅","11836855","false","media/scenes/003-ocean-view.mp4","https://user.uploads.dev/file/aefae58a512bbf5fa05547eabf6c9582.mp4","index.html: window.defaultBackgroundVisuals"
"animated-scene","Cute Farmhouse","🌾","26595570","false","media/scenes/004-cute-farmhouse.mp4","https://user.uploads.dev/file/e56f5778f83d80dc966ca91a3d050ea4.mp4","index.html: window.defaultBackgroundVisuals"
"animated-scene","Cosy Room","🧸","51992810","false","media/scenes/005-cosy-room.mp4","https://user.uploads.dev/file/37a72fc18e9b95c5b8580b8297a2ea81.mp4","index.html: window.defaultBackgroundVisuals"
"animated-scene","Dormitory","🛏️","36855367","false","media/scenes/006-dormitory.mp4","https://user.uploads.dev/file/0ec7852db236b07de5f71798103d1ba7.mp4","index.html: window.defaultBackgroundVisuals"
"animated-scene","Sunlit Cabin","☀️","23775894","false","media/scenes/007-sunlit-cabin.mp4","https://user.uploads.dev/file/48b3222ec4e8907dcc3eae2484d2d456.mp4","index.html: window.defaultBackgroundVisuals"
"animated-scene","Floating on Back","🏊","23855521","false","media/scenes/008-floating-on-back.webm","https://user.uploads.dev/file/3fbf15f79e54fde4072aa9698fa3de42.webm","index.html: window.defaultBackgroundVisuals"
"animated-scene","Abandoned City","🏚","19253712","false","media/scenes/009-abandoned-city.mp4","https://user.uploads.dev/file/a32ddbf40f956968436f9f613ef3fd06.mp4","index.html: window.defaultBackgroundVisuals"
"animated-scene","Abandoned Station","🚊","6978470","false","media/scenes/010-abandoned-station.mp4","https://user.uploads.dev/file/48dd46475cf498a29b4b84f0b2e998f2.mp4","index.html: window.defaultBackgroundVisuals"
"animated-scene","Forest Campsite","🏕️","8035356","false","media/scenes/011-forest-campsite.mp4","https://user.uploads.dev/file/fee29b9182cdf73e84d90227df424823.mp4","index.html: window.defaultBackgroundVisuals"
"animated-scene","Sinking Ruins Forest","🏛️","10438064","false","media/scenes/012-sinking-ruins-forest.webm","https://user.uploads.dev/file/59d5fef2a68606ceec850252d5dfeb3d.webm","index.html: window.defaultBackgroundVisuals"
"animated-scene","Cute Snowy Forest","❄️","1566612","false","media/scenes/013-cute-snowy-forest.mp4","https://user.uploads.dev/file/aa7e072933e66c92f485aba23520ae17.mp4","index.html: window.defaultBackgroundVisuals"
"animated-scene","Zelda","🗡️","7134383","false","media/scenes/014-zelda.mp4","https://user.uploads.dev/file/b1c9793539f3dfac5718856bf684aadc.mp4","index.html: window.defaultBackgroundVisuals"
"animated-scene","Wilderness Snow","🏔️","39903836","false","media/scenes/015-wilderness-snow.mp4","https://user.uploads.dev/file/87a33181d41894c7a92ac24fca3ea3fd.mp4","index.html: window.defaultBackgroundVisuals"
"animated-scene","Japanese Autumn","🍂","33688488","false","media/scenes/016-japanese-autumn.mp4","https://user.uploads.dev/file/f4c8f17b576b4b2227c3f5291a9bee90.mp4","index.html: window.defaultBackgroundVisuals"
"animated-scene","Grassy Hillside Village","🌾","3063677","false","media/scenes/017-grassy-hillside-village.webm","https://user.uploads.dev/file/4e059e5ceaf5d9d8b7cce44f5a7b5f23.webm","index.html: window.defaultBackgroundVisuals"
"animated-scene","Cyberpunk City","🌃","6290688","false","media/scenes/018-cyberpunk-city.webm","https://user.uploads.dev/file/d313697907717f2320f4bb715c6aa98e.webm","index.html: window.defaultBackgroundVisuals"
"animated-scene","Sleepy Cyberpunk","🌃","2942359","false","media/scenes/019-sleepy-cyberpunk.mp4","https://user.uploads.dev/file/54c47d79c55f56f02d63aeaef61bc42e.mp4","index.html: window.defaultBackgroundVisuals"
"animated-scene","Cyberpunk Cafe","🌃","10640414","false","media/scenes/020-cyberpunk-cafe.mp4","https://user.uploads.dev/file/f2d05fd62257734d6d4a2bf6088b1785.mp4","index.html: window.defaultBackgroundVisuals"
"animated-scene","Dusk Silhouette","🌆","18443507","false","media/scenes/021-dusk-silhouette.mp4","https://user.uploads.dev/file/21a9add7735340351ae6094a5ab1bb05.mp4","index.html: window.defaultBackgroundVisuals"
"animated-scene","Neon Alleyway","🌆","1263820","false","media/scenes/022-neon-alleyway.webm","https://user.uploads.dev/file/349b18e56ff9ac3d22142b232acc6f8e.webm","index.html: window.defaultBackgroundVisuals"
"animated-scene","Fuji Village","🗻","10217443","false","media/scenes/023-fuji-village.mp4","https://user.uploads.dev/file/cca1e8143714e517e79eaf19739df9fd.mp4","index.html: window.defaultBackgroundVisuals"
"animated-scene","Portal Gate","⛩️","3897006","false","media/scenes/024-portal-gate.mp4","https://user.uploads.dev/file/80a1975a069a6cb7b0b3a058bb7a8d6c.mp4","index.html: window.defaultBackgroundVisuals"
"animated-scene","Moonlit Campfire","🫕","13205771","false","media/scenes/025-moonlit-campfire.mp4","https://user.uploads.dev/file/c0a6f1d8573ba6072a635803bc1b4cd5.mp4","index.html: window.defaultBackgroundVisuals"
"animated-scene","Port Town Sunset","⛵","47622305","false","media/scenes/026-port-town-sunset.mp4","https://user.uploads.dev/file/7f7315e9f5ab49da3376ed7f7dde37ac.mp4","index.html: window.defaultBackgroundVisuals"
"animated-scene","Relaxing Minecraft","⛏️","2274686","false","media/scenes/027-relaxing-minecraft.mp4","https://user.uploads.dev/file/b811b143b384b3202752ad3c64481373.mp4","index.html: window.defaultBackgroundVisuals"
"animated-scene","Hollowknight","⚔️","5172972","false","media/scenes/028-hollowknight.mp4","https://user.uploads.dev/file/67b96adb450fd346e5361fe30ab64be2.mp4","index.html: window.defaultBackgroundVisuals"
"animated-scene","Elden Ring","⚔️","3563884","false","media/scenes/029-elden-ring.mp4","https://user.uploads.dev/file/accbe50140041e89ebffb1649fe7f641.mp4","index.html: window.defaultBackgroundVisuals"
"animated-scene","Pixel Village","🏰","2160281","false","media/scenes/030-pixel-village.mp4","https://user.uploads.dev/file/630d2e847b0cba30158073ef8db12d6c.mp4","index.html: window.defaultBackgroundVisuals"
"animated-scene","Sunset Abandoned Train","🚋","500373","false","media/scenes/031-sunset-abandoned-train.webm","https://user.uploads.dev/file/3b30b3f9fe2d1407a14632b5c1e0a8fb.webm","index.html: window.defaultBackgroundVisuals"
"animated-scene","Cave Overlooking Mist","⛰️","778070","false","media/scenes/032-cave-overlooking-mist.mp4","https://user.uploads.dev/file/620c8e271c512a5860d1e0be4fc4ef35.mp4","index.html: window.defaultBackgroundVisuals"
"animated-scene","Snowy Viking Village","🌫","9181272","false","media/scenes/033-snowy-viking-village.mp4","https://user.uploads.dev/file/8eb17b6322e41e41a3e815971d49c9b1.mp4","index.html: window.defaultBackgroundVisuals"
"animated-scene","Pixel Arctic City","🌨️","14648735","true","05-media-assets/bundled-scenes/034-pixel-arctic-city.gif","https://user.uploads.dev/file/36f2b749944860ea1f599ee51f40f870.gif","index.html: window.defaultBackgroundVisuals"
"animated-scene","Pixel City Sunset","🌇","7955079","true","05-media-assets/bundled-scenes/035-pixel-city-sunset.gif","https://user.uploads.dev/file/dc84e16a698aff6369d4ff63a435db2c.gif","index.html: window.defaultBackgroundVisuals"
"animated-scene","Snowy Pixel Temple","🏯","2076560","true","05-media-assets/bundled-scenes/036-snowy-pixel-temple.gif","https://user.uploads.dev/file/757acf58dbda3d2a4c8429c2225b4b08.gif","index.html: window.defaultBackgroundVisuals"
"animated-scene","Pixel Seaside Forest","🏞️","1191249","true","05-media-assets/bundled-scenes/037-pixel-seaside-forest.gif","https://user.uploads.dev/file/ad0697cd555be8f750e4a9d0b0fe50a9.gif","index.html: window.defaultBackgroundVisuals"
"animated-scene","Appa Sunset Ride","🐂","9381219","false","media/scenes/038-appa-sunset-ride.webm","https://user.uploads.dev/file/df08b0d8ab1f262f929c0706774ebf0e.webm","index.html: window.defaultBackgroundVisuals"
"animated-scene","Haku Dragon","🐉","9551708","false","media/scenes/039-haku-dragon.webm","https://user.uploads.dev/file/a2089479d88005221cc46d22ee560e12.webm","index.html: window.defaultBackgroundVisuals"
"animated-scene","AoT Ocean","🌊","10844911","false","media/scenes/040-aot-ocean.webm","https://user.uploads.dev/file/1b83cab0ef5f0120b2a2a9dd0f84b617.webm","index.html: window.defaultBackgroundVisuals"
"animated-scene","Japanese Living Room","🍵","10849415","false","media/scenes/041-japanese-living-room.webm","https://user.uploads.dev/file/34a83ecfa8ec3bf1959daf36519aaa2b.webm","index.html: window.defaultBackgroundVisuals"
"animated-scene","Autumn Samurai","🍂","13919953","false","media/scenes/042-autumn-samurai.webm","https://user.uploads.dev/file/c1392fbd65273e70c02a5490a62bd331.webm","index.html: window.defaultBackgroundVisuals"
"animated-scene","Rune Mountain Path","⛰︎","1344905","false","media/scenes/043-rune-mountain-path.webm","https://user.uploads.dev/file/4869c86ed749ccc5797f8712c99e9b6b.webm","index.html: window.defaultBackgroundVisuals"
"animated-scene","Dungeon Entrance","🕸️","2346050","false","media/scenes/044-dungeon-entrance.mp4","https://user.uploads.dev/file/e92d4ab750986076bb7bc075c73415e5.mp4","index.html: window.defaultBackgroundVisuals"
"animated-scene","Small Forest Cabin","🌲","988190","false","media/scenes/045-small-forest-cabin.webm","https://user.uploads.dev/file/d30e93d6bc6110c5f1314dfaec7d943f.webm","index.html: window.defaultBackgroundVisuals"
"animated-scene","Up Late, Rainy Night","🪟","3173004","false","media/scenes/046-up-late-rainy-night.mp4","https://user.uploads.dev/file/b8b6fb4750ddfebde17ac9a93c3bb866.mp4","index.html: window.defaultBackgroundVisuals"
"animated-scene","Sunken Giant Statue","🗿","4148166","false","media/scenes/047-sunken-giant-statue.mp4","https://user.uploads.dev/file/45bd7cc56bee0839bb0029db92547ead.mp4","index.html: window.defaultBackgroundVisuals"
"animated-scene","Mountain Meadow Cottage","👒","37599861","false","media/scenes/048-mountain-meadow-cottage.mp4","https://user.uploads.dev/file/01cf8c7478fcbae8aaa20ec800325174.mp4","index.html: window.defaultBackgroundVisuals"
"animated-scene","Anime Rain Puddle","💧","2859754","false","media/scenes/049-anime-rain-puddle.mp4","https://user.uploads.dev/file/b248270bbc2c80953e8a1d9269c919ea.mp4","index.html: window.defaultBackgroundVisuals"
"soundtrack-library","Abandoned Ruins","","50924109","false","media/music-library/abandoned-ruins-1f1e9470b2badd6d43546eae13c75171.mp3","https://user.uploads.dev/file/1f1e9470b2badd6d43546eae13c75171.mp3","index.html: commented-out <option> music library (dynamic audio selection)"
"soundtrack-library","A Bard's Tale","","54853629","false","media/music-library/a-bards-tale-310fe2edc0457a9e7f7091095d229c22.mp3","https://user.uploads.dev/file/310fe2edc0457a9e7f7091095d229c22.mp3","index.html: commented-out <option> music library (dynamic audio selection)"
"soundtrack-library","Aberration Fight","","59098749","false","media/music-library/aberration-fight-5d5424082ec66aac7c4ef0d9bf85a8df.mp3","https://user.uploads.dev/file/5d5424082ec66aac7c4ef0d9bf85a8df.mp3","index.html: commented-out <option> music library (dynamic audio selection)"
"soundtrack-library","A City in Sorrow","","59147229","false","media/music-library/a-city-in-sorrow-e49f00dc6b89924c48225cac8a502baf.mp3","https://user.uploads.dev/file/e49f00dc6b89924c48225cac8a502baf.mp3","index.html: commented-out <option> music library (dynamic audio selection)"
"soundtrack-library","Ale and Anecdotes","","60680349","false","media/music-library/ale-and-anecdotes-1f6e63c37e1dcb5504cbe9295faccae9.mp3","https://user.uploads.dev/file/1f6e63c37e1dcb5504cbe9295faccae9.mp3","index.html: commented-out <option> music library (dynamic audio selection)"
"soundtrack-library","Ambush!","","61483485","false","media/music-library/ambush-7bfcf3517dc46de22b9c08e29cf35244.mp3","https://user.uploads.dev/file/7bfcf3517dc46de22b9c08e29cf35244.mp3","index.html: commented-out <option> music library (dynamic audio selection)"
"soundtrack-library","Ancient Construct Fight","","62424741","false","media/music-library/ancient-construct-fight-a264f38f6b8257464993cd1c025420c5.mp3","https://user.uploads.dev/file/a264f38f6b8257464993cd1c025420c5.mp3","index.html: commented-out <option> music library (dynamic audio selection)"
"soundtrack-library","Ancient Evil Awakens","","62733189","false","media/music-library/ancient-evil-awakens-4fef55a52b7f7e26dc473bef372d2e6a.mp3","https://user.uploads.dev/file/4fef55a52b7f7e26dc473bef372d2e6a.mp3","index.html: commented-out <option> music library (dynamic audio selection)"
"soundtrack-library","Ancient Tomb","","60340869","false","media/music-library/ancient-tomb-96868f8451a7609a6839c0e6977b6a50.mp3","https://user.uploads.dev/file/96868f8451a7609a6839c0e6977b6a50.mp3","index.html: commented-out <option> music library (dynamic audio selection)"
"soundtrack-library","Arabian Nights","","67539789","false","media/music-library/arabian-nights-9daa8fcab2bd602ada6af4c456e394e0.mp3","https://user.uploads.dev/file/9daa8fcab2bd602ada6af4c456e394e0.mp3","index.html: commented-out <option> music library (dynamic audio selection)"
"soundtrack-library","Arctic Wilderness","","61470933","false","media/music-library/arctic-wilderness-91c464d5a994f8202a6f64fb7abbf382.mp3","https://user.uploads.dev/file/91c464d5a994f8202a6f64fb7abbf382.mp3","index.html: commented-out <option> music library (dynamic audio selection)"
"soundtrack-library","Assault of Tenacity","","59541429","false","media/music-library/assault-of-tenacity-bada4a3afddb18c63f5e268b23b6be89.mp3","https://user.uploads.dev/file/bada4a3afddb18c63f5e268b23b6be89.mp3","index.html: commented-out <option> music library (dynamic audio selection)"
"soundtrack-library","Battle Arena","","62553381","false","media/music-library/battle-arena-6e71b035c511175483b119d053884763.mp3","https://user.uploads.dev/file/6e71b035c511175483b119d053884763.mp3","index.html: commented-out <option> music library (dynamic audio selection)"
"soundtrack-library","Battle of Lost Souls","","60144237","false","media/music-library/battle-of-lost-souls-cea83dc30167d9211676aedf24773746.mp3","https://user.uploads.dev/file/cea83dc30167d9211676aedf24773746.mp3","index.html: commented-out <option> music library (dynamic audio selection)"
"soundtrack-library","Beach","","43371261","false","media/music-library/beach-7c0be6500fbeff70e6ba6aa7c2924d15.mp3","https://user.uploads.dev/file/7c0be6500fbeff70e6ba6aa7c2924d15.mp3","index.html: commented-out <option> music library (dynamic audio selection)"
"soundtrack-library","Blizzard","","49314333","false","media/music-library/blizzard-409fd5c3727cbabf2960a39df92f65ef.mp3","https://user.uploads.dev/file/409fd5c3727cbabf2960a39df92f65ef.mp3","index.html: commented-out <option> music library (dynamic audio selection)"
"soundtrack-library","Campfire","","58848309","false","media/music-library/campfire-07462f3b94fff5c0360f14097371e1a9.mp3","https://user.uploads.dev/file/07462f3b94fff5c0360f14097371e1a9.mp3","index.html: commented-out <option> music library (dynamic audio selection)"
"soundtrack-library","Catacomb","","43241253","false","media/music-library/catacomb-6d90a8dad4cc874cef6cd3dfb0328fd3.mp3","https://user.uploads.dev/file/6d90a8dad4cc874cef6cd3dfb0328fd3.mp3","index.html: commented-out <option> music library (dynamic audio selection)"
"soundtrack-library","Cave","","39557853","false","media/music-library/cave-f58eaab419e2e0c4dbedb5c4503d6db7.mp3","https://user.uploads.dev/file/f58eaab419e2e0c4dbedb5c4503d6db7.mp3","index.html: commented-out <option> music library (dynamic audio selection)"
"soundtrack-library","Cemetery","","54153501","false","media/music-library/cemetery-6c921485fd94ddb09837a73b92b2850e.mp3","https://user.uploads.dev/file/6c921485fd94ddb09837a73b92b2850e.mp3","index.html: commented-out <option> music library (dynamic audio selection)"
"soundtrack-library","Chase","","64642317","false","media/music-library/chase-beb9c5b479fa1286a575489da1c348f3.mp3","https://user.uploads.dev/file/beb9c5b479fa1286a575489da1c348f3.mp3","index.html: commented-out <option> music library (dynamic audio selection)"
"soundtrack-library","City","","69482829","false","media/music-library/city-bc7b6ffece415e92a09632ebbb3f6349.mp3","https://user.uploads.dev/file/bc7b6ffece415e92a09632ebbb3f6349.mp3","index.html: commented-out <option> music library (dynamic audio selection)"
"soundtrack-library","City in the Desert","","59717085","false","media/music-library/city-in-the-desert-e7160ef88c89e8ace8dafb9005dda948.mp3","https://user.uploads.dev/file/e7160ef88c89e8ace8dafb9005dda948.mp3","index.html: commented-out <option> music library (dynamic audio selection)"
"soundtrack-library","City of Thieves","","46436181","false","media/music-library/city-of-thieves-9f49591bf4f7210afeaf2fe1fad9bb05.mp3","https://user.uploads.dev/file/9f49591bf4f7210afeaf2fe1fad9bb05.mp3","index.html: commented-out <option> music library (dynamic audio selection)"
"soundtrack-library","City of Towers","","58546125","false","media/music-library/city-of-towers-4811a34b091739f013f3d046e92ed2b8.mp3","https://user.uploads.dev/file/4811a34b091739f013f3d046e92ed2b8.mp3","index.html: commented-out <option> music library (dynamic audio selection)"
"soundtrack-library","City Temple","","60010917","false","media/music-library/city-temple-76f9ec684d87a79f5edca38f9d9c4ece.mp3","https://user.uploads.dev/file/76f9ec684d87a79f5edca38f9d9c4ece.mp3","index.html: commented-out <option> music library (dynamic audio selection)"
"soundtrack-library","Cloud City","","57995661","false","media/music-library/cloud-city-bf469c3aafca9809b71739f8b866f8d7.mp3","https://user.uploads.dev/file/bf469c3aafca9809b71739f8b866f8d7.mp3","index.html: commented-out <option> music library (dynamic audio selection)"
"soundtrack-library","Cosmic Horror","","52380141","false","media/music-library/cosmic-horror-d026c7d416f1287033318dde47b25f13.mp3","https://user.uploads.dev/file/d026c7d416f1287033318dde47b25f13.mp3","index.html: commented-out <option> music library (dynamic audio selection)"
"soundtrack-library","Cozy Tavern","","58574853","false","media/music-library/cozy-tavern-b56abc1f9d068b354c5c53f103037c4a.mp3","https://user.uploads.dev/file/b56abc1f9d068b354c5c53f103037c4a.mp3","index.html: commented-out <option> music library (dynamic audio selection)"
"soundtrack-library","Creepy Dungeon","","53715789","false","media/music-library/creepy-dungeon-104b36bbcf4b3d146b90f186f3d96f46.mp3","https://user.uploads.dev/file/104b36bbcf4b3d146b90f186f3d96f46.mp3","index.html: commented-out <option> music library (dynamic audio selection)"
"soundtrack-library","Dark Castle","","55255317","false","media/music-library/dark-castle-170599f725f42db269834135d71c299c.mp3","https://user.uploads.dev/file/170599f725f42db269834135d71c299c.mp3","index.html: commented-out <option> music library (dynamic audio selection)"
"soundtrack-library","Deep Waters","","55230165","false","media/music-library/deep-waters-79154ed140bca2366c32c96a5831467a.mp3","https://user.uploads.dev/file/79154ed140bca2366c32c96a5831467a.mp3","index.html: commented-out <option> music library (dynamic audio selection)"
"soundtrack-library","Desert Excursion","","51377829","false","media/music-library/desert-excursion-51afd3e2ef6ce994ab04989fda226ab3.mp3","https://user.uploads.dev/file/51afd3e2ef6ce994ab04989fda226ab3.mp3","index.html: commented-out <option> music library (dynamic audio selection)"
"soundtrack-library","Desert Ruins","","58883613","false","media/music-library/desert-ruins-bf2b5bea975f1936cca49b4a3350e864.mp3","https://user.uploads.dev/file/bf2b5bea975f1936cca49b4a3350e864.mp3","index.html: commented-out <option> music library (dynamic audio selection)"
"soundtrack-library","Desolate Frostlands","","56509005","false","media/music-library/desolate-frostlands-c96caed6b92d5b04bbbed7bf7e7b100f.mp3","https://user.uploads.dev/file/c96caed6b92d5b04bbbed7bf7e7b100f.mp3","index.html: commented-out <option> music library (dynamic audio selection)"
"soundtrack-library","Duel","","61834725","false","media/music-library/duel-75138da3d16d4081de3cf3ed64c4c8c8.mp3","https://user.uploads.dev/file/75138da3d16d4081de3cf3ed64c4c8c8.mp3","index.html: commented-out <option> music library (dynamic audio selection)"
"soundtrack-library","Dungeon Boss","","62191509","false","media/music-library/dungeon-boss-683b63f29d702ca5328803cc7278961b.mp3","https://user.uploads.dev/file/683b63f29d702ca5328803cc7278961b.mp3","index.html: commented-out <option> music library (dynamic audio selection)"
"soundtrack-library","Eastern Village","","57459693","false","media/music-library/eastern-village-f52a9c1cb0dc1e2fdd4d3a772f0d4f26.mp3","https://user.uploads.dev/file/f52a9c1cb0dc1e2fdd4d3a772f0d4f26.mp3","index.html: commented-out <option> music library (dynamic audio selection)"
"soundtrack-library","Elven City","","59174661","false","media/music-library/elven-city-8f390d885e1421a77a856507a3408940.mp3","https://user.uploads.dev/file/8f390d885e1421a77a856507a3408940.mp3","index.html: commented-out <option> music library (dynamic audio selection)"
"soundtrack-library","Elven Garden","","55637685","false","media/music-library/elven-garden-181966eca8e7a83fd3350c7ff51cd6b8.mp3","https://user.uploads.dev/file/181966eca8e7a83fd3350c7ff51cd6b8.mp3","index.html: commented-out <option> music library (dynamic audio selection)"
"soundtrack-library","Elven Sanctuary","","59927565","false","media/music-library/elven-sanctuary-1299bed4304e2ac1fcb4a9c55fece9a1.mp3","https://user.uploads.dev/file/1299bed4304e2ac1fcb4a9c55fece9a1.mp3","index.html: commented-out <option> music library (dynamic audio selection)"
"soundtrack-library","Elven Tavern","","53538213","false","media/music-library/elven-tavern-92bc13f4c1a8e05a13bf4a835bda611d.mp3","https://user.uploads.dev/file/92bc13f4c1a8e05a13bf4a835bda611d.mp3","index.html: commented-out <option> music library (dynamic audio selection)"
"soundtrack-library","Epic Combat","","64203837","false","media/music-library/epic-combat-ab15859bfb81a8e26c6c9469f15e7958.mp3","https://user.uploads.dev/file/ab15859bfb81a8e26c6c9469f15e7958.mp3","index.html: commented-out <option> music library (dynamic audio selection)"
"soundtrack-library","Epic Fight","","64464117","false","media/music-library/epic-fight-71fb9f44808186e75ad3051058566dc1.mp3","https://user.uploads.dev/file/71fb9f44808186e75ad3051058566dc1.mp3","index.html: commented-out <option> music library (dynamic audio selection)"
"soundtrack-library","Ethereal Plane","","52709949","false","media/music-library/ethereal-plane-e68709718148776200a242bdc9839b67.mp3","https://user.uploads.dev/file/e68709718148776200a242bdc9839b67.mp3","index.html: commented-out <option> music library (dynamic audio selection)"
"soundtrack-library","Farewell","","57391893","false","media/music-library/farewell-027accda27e79aa6e521867b4f690ab9.mp3","https://user.uploads.dev/file/027accda27e79aa6e521867b4f690ab9.mp3","index.html: commented-out <option> music library (dynamic audio selection)"
"soundtrack-library","Far Realm","","58122813","false","media/music-library/far-realm-e0c2af694b6a5f8f33596170c9971bfb.mp3","https://user.uploads.dev/file/e0c2af694b6a5f8f33596170c9971bfb.mp3","index.html: commented-out <option> music library (dynamic audio selection)"
"soundtrack-library","Festival Town","","64157853","false","media/music-library/festival-town-b79be926c6522190bf06a1c63d23c1d0.mp3","https://user.uploads.dev/file/b79be926c6522190bf06a1c63d23c1d0.mp3","index.html: commented-out <option> music library (dynamic audio selection)"
"soundtrack-library","Feywild","","60406581","false","media/music-library/feywild-4478a3060a6799f0c1679aad4be3174a.mp3","https://user.uploads.dev/file/4478a3060a6799f0c1679aad4be3174a.mp3","index.html: commented-out <option> music library (dynamic audio selection)"
"soundtrack-library","Fiend Fight","","61115181","false","media/music-library/fiend-fight-c138a5e2cd3e163f05f770db134cf57b.mp3","https://user.uploads.dev/file/c138a5e2cd3e163f05f770db134cf57b.mp3","index.html: commented-out <option> music library (dynamic audio selection)"
"soundtrack-library","Final Boss","","63708285","false","media/music-library/final-boss-bbb29d48ed357949282f0058757b53d4.mp3","https://user.uploads.dev/file/bbb29d48ed357949282f0058757b53d4.mp3","index.html: commented-out <option> music library (dynamic audio selection)"
"soundtrack-library","Forest","","59057301","false","media/music-library/forest-c880bfc86772147966b4bea0cd7f1c40.mp3","https://user.uploads.dev/file/c880bfc86772147966b4bea0cd7f1c40.mp3","index.html: commented-out <option> music library (dynamic audio selection)"
"soundtrack-library","Forest (Night)","","60785373","false","media/music-library/forest-night-7a8698db1b41587361dbbf293eb8abf9.mp3","https://user.uploads.dev/file/7a8698db1b41587361dbbf293eb8abf9.mp3","index.html: commented-out <option> music library (dynamic audio selection)"
"soundtrack-library","Forsaken Town","","57827397","false","media/music-library/forsaken-town-25c5fbfe3854099e1b36fa4ca16f6c24.mp3","https://user.uploads.dev/file/25c5fbfe3854099e1b36fa4ca16f6c24.mp3","index.html: commented-out <option> music library (dynamic audio selection)"
"soundtrack-library","Gala Night","","59766381","false","media/music-library/gala-night-b47e26da7dff998b03269849fb71c93c.mp3","https://user.uploads.dev/file/b47e26da7dff998b03269849fb71c93c.mp3","index.html: commented-out <option> music library (dynamic audio selection)"
"soundtrack-library","Goblin Village","","58840269","false","media/music-library/goblin-village-b8f4582a9367f20ec8ff7f4ca9a919a7.mp3","https://user.uploads.dev/file/b8f4582a9367f20ec8ff7f4ca9a919a7.mp3","index.html: commented-out <option> music library (dynamic audio selection)"
"soundtrack-library","Grand Romance","","62005245","false","media/music-library/grand-romance-6a0c7bd9daf2551f3d0ca2b5fd4508cf.mp3","https://user.uploads.dev/file/6a0c7bd9daf2551f3d0ca2b5fd4508cf.mp3","index.html: commented-out <option> music library (dynamic audio selection)"
"soundtrack-library","Green Plains","","50265789","false","media/music-library/green-plains-ee2b9cacfa516dd8a461a9f945fb5fe2.mp3","https://user.uploads.dev/file/ee2b9cacfa516dd8a461a9f945fb5fe2.mp3","index.html: commented-out <option> music library (dynamic audio selection)"
"soundtrack-library","Hag's Hut","","46600029","false","media/music-library/hags-hut-07892cd455d8aba691f8ef917f7d214d.mp3","https://user.uploads.dev/file/07892cd455d8aba691f8ef917f7d214d.mp3","index.html: commented-out <option> music library (dynamic audio selection)"
"soundtrack-library","Haunted Crypt","","50222829","false","media/music-library/haunted-crypt-3f5ecaf50a5863d08471b700977dd612.mp3","https://user.uploads.dev/file/3f5ecaf50a5863d08471b700977dd612.mp3","index.html: commented-out <option> music library (dynamic audio selection)"
"soundtrack-library","Haunted Mansion","","53677773","false","media/music-library/haunted-mansion-a11b55be96a6843b7d9245b758266197.mp3","https://user.uploads.dev/file/a11b55be96a6843b7d9245b758266197.mp3","index.html: commented-out <option> music library (dynamic audio selection)"
"soundtrack-library","Heist","","60930741","false","media/music-library/heist-42e90f1df66fe88ca4cd8248ab0c089f.mp3","https://user.uploads.dev/file/42e90f1df66fe88ca4cd8248ab0c089f.mp3","index.html: commented-out <option> music library (dynamic audio selection)"
"soundtrack-library","Investigating a Mystery","","60730197","false","media/music-library/investigating-a-mystery-bdbf13d68dbd3b97166d19d7eb830974.mp3","https://user.uploads.dev/file/bdbf13d68dbd3b97166d19d7eb830974.mp3","index.html: commented-out <option> music library (dynamic audio selection)"
"soundtrack-library","Island Village","","63450501","false","media/music-library/island-village-0181f8b45d4d65dce339a946af70d33e.mp3","https://user.uploads.dev/file/0181f8b45d4d65dce339a946af70d33e.mp3","index.html: commented-out <option> music library (dynamic audio selection)"
"soundtrack-library","Journey's End","","56638797","false","media/music-library/journeys-end-de8334318070710ea0ca52698202fd89.mp3","https://user.uploads.dev/file/de8334318070710ea0ca52698202fd89.mp3","index.html: commented-out <option> music library (dynamic audio selection)"
"soundtrack-library","Jungle Village","","61163541","false","media/music-library/jungle-village-7b537633b44b2cb3a24ca70c78f69340.mp3","https://user.uploads.dev/file/7b537633b44b2cb3a24ca70c78f69340.mp3","index.html: commented-out <option> music library (dynamic audio selection)"
"soundtrack-library","Large City","","61147749","false","media/music-library/large-city-3d3e760ec6a01a106d1c006e521e63f5.mp3","https://user.uploads.dev/file/3d3e760ec6a01a106d1c006e521e63f5.mp3","index.html: commented-out <option> music library (dynamic audio selection)"
"soundtrack-library","Last Goodbye","","56637357","false","media/music-library/last-goodbye-77ad694a506784e8dd1330d4e24a350c.mp3","https://user.uploads.dev/file/77ad694a506784e8dd1330d4e24a350c.mp3","index.html: commented-out <option> music library (dynamic audio selection)"
"soundtrack-library","Long Rest","","60100725","false","media/music-library/long-rest-2e372862ef4d09cf38e06374adbdd33e.mp3","https://user.uploads.dev/file/2e372862ef4d09cf38e06374adbdd33e.mp3","index.html: commented-out <option> music library (dynamic audio selection)"
"soundtrack-library","Lost City","","61827477","false","media/music-library/lost-city-bd576db1896aa84664f69890584282cb.mp3","https://user.uploads.dev/file/bd576db1896aa84664f69890584282cb.mp3","index.html: commented-out <option> music library (dynamic audio selection)"
"soundtrack-library","Lost Technologies","","60570069","false","media/music-library/lost-technologies-cb4a811269d5f4ee56fe91d3adeed5b5.mp3","https://user.uploads.dev/file/cb4a811269d5f4ee56fe91d3adeed5b5.mp3","index.html: commented-out <option> music library (dynamic audio selection)"
"soundtrack-library","Lost Temple Ruins","","66541773","false","media/music-library/lost-temple-ruins-88ed8f35ce21f5366681ad884c1162d0.mp3","https://user.uploads.dev/file/88ed8f35ce21f5366681ad884c1162d0.mp3","index.html: commented-out <option> music library (dynamic audio selection)"
"soundtrack-library","Mage Battle","","62727381","false","media/music-library/mage-battle-2417f2374d860cf6e3eee5b3b89249d1.mp3","https://user.uploads.dev/file/2417f2374d860cf6e3eee5b3b89249d1.mp3","index.html: commented-out <option> music library (dynamic audio selection)"
"soundtrack-library","Magic Item Shop","","61458117","false","media/music-library/magic-item-shop-960bead2b7c453001cf03c04269b29b5.mp3","https://user.uploads.dev/file/960bead2b7c453001cf03c04269b29b5.mp3","index.html: commented-out <option> music library (dynamic audio selection)"
"soundtrack-library","Marketplace","","64532685","false","media/music-library/marketplace-a3f103116a922b9c4260945bdcd37660.mp3","https://user.uploads.dev/file/a3f103116a922b9c4260945bdcd37660.mp3","index.html: commented-out <option> music library (dynamic audio selection)"
"soundtrack-library","Melancholic Journey","","56258325","false","media/music-library/melancholic-journey-e6c7f2209655bdb5392d00a0e90ba519.mp3","https://user.uploads.dev/file/e6c7f2209655bdb5392d00a0e90ba519.mp3","index.html: commented-out <option> music library (dynamic audio selection)"
"soundtrack-library","Monster Lair","","46659981","false","media/music-library/monster-lair-492d35bcf5ffbaa0ede2a9dd84799181.mp3","https://user.uploads.dev/file/492d35bcf5ffbaa0ede2a9dd84799181.mp3","index.html: commented-out <option> music library (dynamic audio selection)"
"soundtrack-library","Mount Celestia","","46498077","false","media/music-library/mount-celestia-2a976572ee9df4eee9298bb17e196ffa.mp3","https://user.uploads.dev/file/2a976572ee9df4eee9298bb17e196ffa.mp3","index.html: commented-out <option> music library (dynamic audio selection)"
"soundtrack-library","Mysterious Forest","","56517645","false","media/music-library/mysterious-forest-72cfa5cd03f0505cd71c748342d1f361.mp3","https://user.uploads.dev/file/72cfa5cd03f0505cd71c748342d1f361.mp3","index.html: commented-out <option> music library (dynamic audio selection)"
"soundtrack-library","Mystic Forest","","55404957","false","media/music-library/mystic-forest-aeaebfb79be05f58f2363ee4f9e7636d.mp3","https://user.uploads.dev/file/aeaebfb79be05f58f2363ee4f9e7636d.mp3","index.html: commented-out <option> music library (dynamic audio selection)"
"soundtrack-library","Mythic Encounter","","60885285","false","media/music-library/mythic-encounter-81c417aff83c63c1ae3b58a8a0b5efc3.mp3","https://user.uploads.dev/file/81c417aff83c63c1ae3b58a8a0b5efc3.mp3","index.html: commented-out <option> music library (dynamic audio selection)"
"soundtrack-library","Nautical Wonders","","61139133","false","media/music-library/nautical-wonders-7748231c1537939756837a12239437d0.mp3","https://user.uploads.dev/file/7748231c1537939756837a12239437d0.mp3","index.html: commented-out <option> music library (dynamic audio selection)"
"soundtrack-library","Nordic City","","59522085","false","media/music-library/nordic-city-3db7039c7303debc02ca07860542f4bf.mp3","https://user.uploads.dev/file/3db7039c7303debc02ca07860542f4bf.mp3","index.html: commented-out <option> music library (dynamic audio selection)"
"soundtrack-library","One Bard Band","","67830957","false","media/music-library/one-bard-band-61365579b249fad20680d723d8525ad6.mp3","https://user.uploads.dev/file/61365579b249fad20680d723d8525ad6.mp3","index.html: commented-out <option> music library (dynamic audio selection)"
"soundtrack-library","Orc City","","60876957","false","media/music-library/orc-city-e8686ec0492e28a7cd244dd2a1cfbbb2.mp3","https://user.uploads.dev/file/e8686ec0492e28a7cd244dd2a1cfbbb2.mp3","index.html: commented-out <option> music library (dynamic audio selection)"
"soundtrack-library","Orc War Camp","","61161477","false","media/music-library/orc-war-camp-c25db4c6c555ae595e14a168d200692b.mp3","https://user.uploads.dev/file/c25db4c6c555ae595e14a168d200692b.mp3","index.html: commented-out <option> music library (dynamic audio selection)"
"soundtrack-library","Peaceful Town","","63200901","false","media/music-library/peaceful-town-3ab47d4237248a44b6fe218192c1162e.mp3","https://user.uploads.dev/file/3ab47d4237248a44b6fe218192c1162e.mp3","index.html: commented-out <option> music library (dynamic audio selection)"
"soundtrack-library","Peaceful Travel","","64054581","false","media/music-library/peaceful-travel-9ee216498e0c159908a6fdf4260416a3.mp3","https://user.uploads.dev/file/9ee216498e0c159908a6fdf4260416a3.mp3","index.html: commented-out <option> music library (dynamic audio selection)"
"soundtrack-library","Peaceful Village","","59317005","false","media/music-library/peaceful-village-5034ccf84367c420f413692c3a34816b.mp3","https://user.uploads.dev/file/5034ccf84367c420f413692c3a34816b.mp3","index.html: commented-out <option> music library (dynamic audio selection)"
"soundtrack-library","Peaceful Woods","","58400781","false","media/music-library/peaceful-woods-9cd1b2f12c124c364b9c7fa0cd785308.mp3","https://user.uploads.dev/file/9cd1b2f12c124c364b9c7fa0cd785308.mp3","index.html: commented-out <option> music library (dynamic audio selection)"
"soundtrack-library","Pirate Attack!","","60350157","false","media/music-library/pirate-attack-0b9522bb02f75aaa537d10deef3814d3.mp3","https://user.uploads.dev/file/0b9522bb02f75aaa537d10deef3814d3.mp3","index.html: commented-out <option> music library (dynamic audio selection)"
"soundtrack-library","Pirate Tavern","","68526645","false","media/music-library/pirate-tavern-36b664830a5904d6ffb5ba00b1890aff.mp3","https://user.uploads.dev/file/36b664830a5904d6ffb5ba00b1890aff.mp3","index.html: commented-out <option> music library (dynamic audio selection)"
"soundtrack-library","Quirky Combat","","66103989","false","media/music-library/quirky-combat-92383c959a3681b83924efe392b72b9c.mp3","https://user.uploads.dev/file/92383c959a3681b83924efe392b72b9c.mp3","index.html: commented-out <option> music library (dynamic audio selection)"
"soundtrack-library","Rain","","58775229","false","media/music-library/rain-e5693bca4c349a40027db270f904aa1e.mp3","https://user.uploads.dev/file/e5693bca4c349a40027db270f904aa1e.mp3","index.html: commented-out <option> music library (dynamic audio selection)"
"soundtrack-library","Running From Guards","","60908877","false","media/music-library/running-from-guards-885d2084b931c92b011e2fcd456a0599.mp3","https://user.uploads.dev/file/885d2084b931c92b011e2fcd456a0599.mp3","index.html: commented-out <option> music library (dynamic audio selection)"
"soundtrack-library","Sailing the Astral Sea","","57044445","false","media/music-library/sailing-the-astral-sea-0e1b5396e87804e8aa1238c4dec6c91d.mp3","https://user.uploads.dev/file/0e1b5396e87804e8aa1238c4dec6c91d.mp3","index.html: commented-out <option> music library (dynamic audio selection)"
"soundtrack-library","Sea Adventure","","61552077","false","media/music-library/sea-adventure-2d07b5edecb32ce432ca46a875cbaa3d.mp3","https://user.uploads.dev/file/2d07b5edecb32ce432ca46a875cbaa3d.mp3","index.html: commented-out <option> music library (dynamic audio selection)"
"soundtrack-library","Seaside Town","","62776893","false","media/music-library/seaside-town-56c1ba6f3b7b2f10766d3f9d02227a27.mp3","https://user.uploads.dev/file/56c1ba6f3b7b2f10766d3f9d02227a27.mp3","index.html: commented-out <option> music library (dynamic audio selection)"
"soundtrack-library","Session Zero","","61891173","false","media/music-library/session-zero-7be392662137fdc89686fbac8f6e54ff.mp3","https://user.uploads.dev/file/7be392662137fdc89686fbac8f6e54ff.mp3","index.html: commented-out <option> music library (dynamic audio selection)"
"soundtrack-library","Sewers","","61529469","false","media/music-library/sewers-2f7ddf97693e964100602972c7ede414.mp3","https://user.uploads.dev/file/2f7ddf97693e964100602972c7ede414.mp3","index.html: commented-out <option> music library (dynamic audio selection)"
"soundtrack-library","Shadowfell","","56077413","false","media/music-library/shadowfell-fb8ad956edf70344073007d225a76f50.mp3","https://user.uploads.dev/file/fb8ad956edf70344073007d225a76f50.mp3","index.html: commented-out <option> music library (dynamic audio selection)"
"soundtrack-library","Shady Alley","","62855829","false","media/music-library/shady-alley-35553ab80fd33abfaee013321e0f3337.mp3","https://user.uploads.dev/file/35553ab80fd33abfaee013321e0f3337.mp3","index.html: commented-out <option> music library (dynamic audio selection)"
"soundtrack-library","Shady Tavern","","54381525","false","media/music-library/shady-tavern-f1177784c4a53831585ed615ab3ab2d9.mp3","https://user.uploads.dev/file/f1177784c4a53831585ed615ab3ab2d9.mp3","index.html: commented-out <option> music library (dynamic audio selection)"
"soundtrack-library","Ship","","57627669","false","media/music-library/ship-4f3eabd0299a8162a02868428dfa2504.mp3","https://user.uploads.dev/file/4f3eabd0299a8162a02868428dfa2504.mp3","index.html: commented-out <option> music library (dynamic audio selection)"
"soundtrack-library","Ship Combat","","65302965","false","media/music-library/ship-combat-891e2012bafd6f1886bf2c19c41f6195.mp3","https://user.uploads.dev/file/891e2012bafd6f1886bf2c19c41f6195.mp3","index.html: commented-out <option> music library (dynamic audio selection)"
"soundtrack-library","Skeleton Battle","","57721269","false","media/music-library/skeleton-battle-f8de207caf306764df80c95ac6e08bc9.mp3","https://user.uploads.dev/file/f8de207caf306764df80c95ac6e08bc9.mp3","index.html: commented-out <option> music library (dynamic audio selection)"
"soundtrack-library","Small City","","64977237","false","media/music-library/small-city-4141163a7b925dc626ac24830cd690c7.mp3","https://user.uploads.dev/file/4141163a7b925dc626ac24830cd690c7.mp3","index.html: commented-out <option> music library (dynamic audio selection)"
"soundtrack-library","Stonehill Inn","","63780237","false","media/music-library/stonehill-inn-bf4bdfb9f68de7d4ad4d892010590384.mp3","https://user.uploads.dev/file/bf4bdfb9f68de7d4ad4d892010590384.mp3","index.html: commented-out <option> music library (dynamic audio selection)"
"soundtrack-library","Struggle in the Jungle","","64536141","false","media/music-library/struggle-in-the-jungle-8f9a529ab2398c33e6ffc57066b3d04a.mp3","https://user.uploads.dev/file/8f9a529ab2398c33e6ffc57066b3d04a.mp3","index.html: commented-out <option> music library (dynamic audio selection)"
"soundtrack-library","Suspense","","60056997","false","media/music-library/suspense-035942cf53af257312f7d860d4bc7dad.mp3","https://user.uploads.dev/file/035942cf53af257312f7d860d4bc7dad.mp3","index.html: commented-out <option> music library (dynamic audio selection)"
"soundtrack-library","Swamp","","55964709","false","media/music-library/swamp-c4b881d88d1dd996fe712df2297def61.mp3","https://user.uploads.dev/file/c4b881d88d1dd996fe712df2297def61.mp3","index.html: commented-out <option> music library (dynamic audio selection)"
"soundtrack-library","Tavern","","76840245","false","media/music-library/tavern-733c911b749f5353ed58a56f4097a172.mp3","https://user.uploads.dev/file/733c911b749f5353ed58a56f4097a172.mp3","index.html: commented-out <option> music library (dynamic audio selection)"
"soundtrack-library","Tavern Concert","","62709813","false","media/music-library/tavern-concert-d336727a62f9ba0efceb1303f68445aa.mp3","https://user.uploads.dev/file/d336727a62f9ba0efceb1303f68445aa.mp3","index.html: commented-out <option> music library (dynamic audio selection)"
"soundtrack-library","Tavern Dance","","67833117","false","media/music-library/tavern-dance-50dc6554202437f59cb0bcf99f97dc4b.mp3","https://user.uploads.dev/file/50dc6554202437f59cb0bcf99f97dc4b.mp3","index.html: commented-out <option> music library (dynamic audio selection)"
"soundtrack-library","Tavern in a Desert","","59376909","false","media/music-library/tavern-in-a-desert-950a9b10ae693f73e27e85b1fad13d33.mp3","https://user.uploads.dev/file/950a9b10ae693f73e27e85b1fad13d33.mp3","index.html: commented-out <option> music library (dynamic audio selection)"
"soundtrack-library","Tense Negotiations","","55927245","false","media/music-library/tense-negotiations-3217d0f8488a56ef9c7538635cb158f1.mp3","https://user.uploads.dev/file/3217d0f8488a56ef9c7538635cb158f1.mp3","index.html: commented-out <option> music library (dynamic audio selection)"
"soundtrack-library","Tense Path","","52921365","false","media/music-library/tense-path-51462b03ecffc5a27bb60d57f43dfe9b.mp3","https://user.uploads.dev/file/51462b03ecffc5a27bb60d57f43dfe9b.mp3","index.html: commented-out <option> music library (dynamic audio selection)"
"soundtrack-library","The Abyssal Passage","","52439949","false","media/music-library/the-abyssal-passage-39f90bfdcf03f7602a5e3a4f3d5b2151.mp3","https://user.uploads.dev/file/39f90bfdcf03f7602a5e3a4f3d5b2151.mp3","index.html: commented-out <option> music library (dynamic audio selection)"
"soundtrack-library","The Adventure Begins","","59698221","false","media/music-library/the-adventure-begins-61c241a07e7183888b63fa69dd9a77c1.mp3","https://user.uploads.dev/file/61c241a07e7183888b63fa69dd9a77c1.mp3","index.html: commented-out <option> music library (dynamic audio selection)"
"soundtrack-library","The Adventure Ends","","58574709","false","media/music-library/the-adventure-ends-177de40ed602ddc501e94ec72f66eda9.mp3","https://user.uploads.dev/file/177de40ed602ddc501e94ec72f66eda9.mp3","index.html: commented-out <option> music library (dynamic audio selection)"
"soundtrack-library","The End of the Quest","","59526381","false","media/music-library/the-end-of-the-quest-bfb2b6e0380128dd8188a669a2f306b8.mp3","https://user.uploads.dev/file/bfb2b6e0380128dd8188a669a2f306b8.mp3","index.html: commented-out <option> music library (dynamic audio selection)"
"soundtrack-library","The Last Fight","","60908733","false","media/music-library/the-last-fight-8ec61476d60bdbd42a1c39bbc6ef1894.mp3","https://user.uploads.dev/file/8ec61476d60bdbd42a1c39bbc6ef1894.mp3","index.html: commented-out <option> music library (dynamic audio selection)"
"soundtrack-library","The Party Reunites","","56961165","false","media/music-library/the-party-reunites-9cc6dd8ccf69052995c5dc925a7ab892.mp3","https://user.uploads.dev/file/9cc6dd8ccf69052995c5dc925a7ab892.mp3","index.html: commented-out <option> music library (dynamic audio selection)"
"soundtrack-library","The Tall Tales Tavern","","62706645","false","media/music-library/the-tall-tales-tavern-f1d18bc9d9a72b6c2fee9a6e9afb4c78.mp3","https://user.uploads.dev/file/f1d18bc9d9a72b6c2fee9a6e9afb4c78.mp3","index.html: commented-out <option> music library (dynamic audio selection)"
"soundtrack-library","The Wandering Bard Tavern","","58070997","false","media/music-library/the-wandering-bard-tavern-a7224ee6e8c477e6e48b9c6849896e17.mp3","https://user.uploads.dev/file/a7224ee6e8c477e6e48b9c6849896e17.mp3","index.html: commented-out <option> music library (dynamic audio selection)"
"soundtrack-library","Thunderstorm","","63797013","false","media/music-library/thunderstorm-0a8df28ddbe99179c8fc8c2c0fea2520.mp3","https://user.uploads.dev/file/0a8df28ddbe99179c8fc8c2c0fea2520.mp3","index.html: commented-out <option> music library (dynamic audio selection)"
"soundtrack-library","Tragic Betrayal","","61639341","false","media/music-library/tragic-betrayal-33cc60495fa714b1afad978283ea01bd.mp3","https://user.uploads.dev/file/33cc60495fa714b1afad978283ea01bd.mp3","index.html: commented-out <option> music library (dynamic audio selection)"
"soundtrack-library","Travellers Rest","","61502421","false","media/music-library/travellers-rest-39e46ec54c42b6d2261a75eb056edc6c.mp3","https://user.uploads.dev/file/39e46ec54c42b6d2261a75eb056edc6c.mp3","index.html: commented-out <option> music library (dynamic audio selection)"
"soundtrack-library","Underdark","","51095997","false","media/music-library/underdark-71ff73e5eeabf07f85303b7ab80f60d9.mp3","https://user.uploads.dev/file/71ff73e5eeabf07f85303b7ab80f60d9.mp3","index.html: commented-out <option> music library (dynamic audio selection)"
"soundtrack-library","Underwater City","","63468309","false","media/music-library/underwater-city-287d545aa8edb39c762b410ba977b14c.mp3","https://user.uploads.dev/file/287d545aa8edb39c762b410ba977b14c.mp3","index.html: commented-out <option> music library (dynamic audio selection)"
"soundtrack-library","Vampire Castle","","60686133","false","media/music-library/vampire-castle-18de4afe1e32f5ce217833b57e8f430d.mp3","https://user.uploads.dev/file/18de4afe1e32f5ce217833b57e8f430d.mp3","index.html: commented-out <option> music library (dynamic audio selection)"
"soundtrack-library","Village","","56962485","false","media/music-library/village-5423c3b6ac9fde295147b24973e9b6c2.mp3","https://user.uploads.dev/file/5423c3b6ac9fde295147b24973e9b6c2.mp3","index.html: commented-out <option> music library (dynamic audio selection)"
"soundtrack-library","Village Feast","","59924733","false","media/music-library/village-feast-15b37fb654abeeb10def7ce68104a85e.mp3","https://user.uploads.dev/file/15b37fb654abeeb10def7ce68104a85e.mp3","index.html: commented-out <option> music library (dynamic audio selection)"
"soundtrack-library","Volcano","","58703469","false","media/music-library/volcano-60d14a9ecba07edd961569d5616b4520.mp3","https://user.uploads.dev/file/60d14a9ecba07edd961569d5616b4520.mp3","index.html: commented-out <option> music library (dynamic audio selection)"
"soundtrack-library","Wasteland","","51059373","false","media/music-library/wasteland-216b60f27f378a8bcd3943a6b25d0b1a.mp3","https://user.uploads.dev/file/216b60f27f378a8bcd3943a6b25d0b1a.mp3","index.html: commented-out <option> music library (dynamic audio selection)"
"soundtrack-library","Wilderness Travel","","57575925","false","media/music-library/wilderness-travel-d096de06dfbefaa59275f0af854ea844.mp3","https://user.uploads.dev/file/d096de06dfbefaa59275f0af854ea844.mp3","index.html: commented-out <option> music library (dynamic audio selection)"
"soundtrack-library","Wild Wonders","","55861173","false","media/music-library/wild-wonders-d8f5a4719c677df54d5160530708f49e.mp3","https://user.uploads.dev/file/d8f5a4719c677df54d5160530708f49e.mp3","index.html: commented-out <option> music library (dynamic audio selection)"
"soundtrack-library","Wizard Tower","","62003685","false","media/music-library/wizard-tower-a2c554b0d13e04f9427d3551d4a79bb8.mp3","https://user.uploads.dev/file/a2c554b0d13e04f9427d3551d4a79bb8.mp3","index.html: commented-out <option> music library (dynamic audio selection)"
"premade-card-image","Every Trick Works Once","","32850","true","04-project-assets/premade-adventures/cards/every-trick-works-once.webp","https://user.uploads.dev/file/9994dd9d27a019ab7c77d14a27e3542f.webp","index.html: inline premadeAdventures data (top-rated cards shown instantly)"
"premade-card-image","Guest of the Gallows","","41240","true","04-project-assets/premade-adventures/cards/guest-of-the-gallows.webp","https://user.uploads.dev/file/ed61ba817fbb595e0c41fc3c7ae1ca40.webp","index.html: inline premadeAdventures data (top-rated cards shown instantly)"
"premade-card-image","Seven More, Then We Meet","","44072","true","04-project-assets/premade-adventures/cards/seven-more-then-we-meet.webp","https://user.uploads.dev/file/832159f06934eb80ec1fb8d37ad451bf.webp","index.html: inline premadeAdventures data (top-rated cards shown instantly)"
"premade-card-image","Stop Paying My Ransom","","46742","true","04-project-assets/premade-adventures/cards/stop-paying-my-ransom.webp","https://user.uploads.dev/file/141e7120d2067a153c102a2e3f778654.webp","index.html: inline premadeAdventures data (top-rated cards shown instantly)"
"premade-card-image","He Counts My Chimneys","","35162","true","04-project-assets/premade-adventures/cards/he-counts-my-chimneys.webp","https://user.uploads.dev/file/2102a8e20a6f2870fea93da257f4accc.webp","index.html: inline premadeAdventures data (top-rated cards shown instantly)"
"premade-card-image","It Only Haunts Bad Carpentry","","30148","true","04-project-assets/premade-adventures/cards/it-only-haunts-bad-carpentry.webp","https://user.uploads.dev/file/584603e45dcbdbd4423a6e1fb8fcd7d1.webp","index.html: inline premadeAdventures data (top-rated cards shown instantly)"
"premade-card-image","It Was Their Idea","","31354","true","04-project-assets/premade-adventures/cards/it-was-their-idea.webp","https://user.uploads.dev/file/9a1bd944d09a4ef7cf20276d4de3b3f7.webp","index.html: inline premadeAdventures data (top-rated cards shown instantly)"
"premade-card-image","The Thornmouth Rulebook","","15828","true","04-project-assets/premade-adventures/cards/the-thornmouth-rulebook.webp","https://user.uploads.dev/file/eedf79d26ab00b3e5a932900e23dfe71.webp","index.html: inline premadeAdventures data (top-rated cards shown instantly)"
"premade-card-image","They Promoted Me to Catch Me","","25790","true","04-project-assets/premade-adventures/cards/they-promoted-me-to-catch-me.webp","https://user.uploads.dev/file/a11781461afcad31c91827ca82572749.webp","index.html: inline premadeAdventures data (top-rated cards shown instantly)"
"premade-card-image","I Buried the Demon Lord","","26436","true","04-project-assets/premade-adventures/cards/i-buried-the-demon-lord.webp","https://user.uploads.dev/file/f9b808bd1414bc38941ce7d69bc05a42.webp","index.html: inline premadeAdventures data (top-rated cards shown instantly)"
"premade-card-image","Phase Two Starts After Midterms","","29340","true","04-project-assets/premade-adventures/cards/phase-two-starts-after-midterms.webp","https://user.uploads.dev/file/9f4a4a515bd9349b7f7081365613d037.webp","premade-adventures.json manifest (723 entries)"
"premade-card-image","Hate Me Until the Envoy Leaves","","44596","true","04-project-assets/premade-adventures/cards/hate-me-until-the-envoy-leaves.webp","https://user.uploads.dev/file/5e3ee68d6f1b62658f00eca938a28e1d.webp","premade-adventures.json manifest (723 entries)"
"premade-card-image","The Killings Aren't Mine","","30128","true","04-project-assets/premade-adventures/cards/the-killings-arent-mine.webp","https://user.uploads.dev/file/35f22b60a5fa65359e87429b083ef09d.webp","premade-adventures.json manifest (723 entries)"
"premade-card-image","The Prosecution Knows What I Am","","31774","true","04-project-assets/premade-adventures/cards/the-prosecution-knows-what-i-am.webp","https://user.uploads.dev/file/40a547071b32d8001cd7126f37c1570f.webp","premade-adventures.json manifest (723 entries)"
"premade-card-image","Unkillable Till Sunday","","50610","true","04-project-assets/premade-adventures/cards/unkillable-till-sunday.webp","https://user.uploads.dev/file/4a42c347f3d53d6b4a57aae52afc531c.webp","premade-adventures.json manifest (723 entries)"
"premade-card-image","#1 on the Naughty List","","41742","true","04-project-assets/premade-adventures/cards/1-on-the-naughty-list.webp","https://user.uploads.dev/file/dd89bcb3de019e7f8d34889a05d2a914.webp","premade-adventures.json manifest (723 entries)"
"premade-card-image","Come Home, Runt","","36622","true","04-project-assets/premade-adventures/cards/come-home-runt.webp","https://user.uploads.dev/file/99e6fc0c24fe33b8799c1f7c47e91c97.webp","premade-adventures.json manifest (723 entries)"
"premade-card-image","The Steel Comes Home First","","22362","true","04-project-assets/premade-adventures/cards/the-steel-comes-home-first.webp","https://user.uploads.dev/file/f7b09ac83db88ef28449518157f725e5.webp","premade-adventures.json manifest (723 entries)"
"premade-card-image","Don't Let Me Pass","","39886","true","04-project-assets/premade-adventures/cards/dont-let-me-pass.webp","https://user.uploads.dev/file/b0b7d757d149c659350f58d95c2a691e.webp","premade-adventures.json manifest (723 entries)"
"premade-card-image","The Parish Pays Me to Say Fever","","38516","true","04-project-assets/premade-adventures/cards/the-parish-pays-me-to-say-fever.webp","https://user.uploads.dev/file/d0eeef84ceef4e0a5d1ce65f461dfcd5.webp","premade-adventures.json manifest (723 entries)"
"premade-card-image","Stamped: Retrieval Only","","45856","true","04-project-assets/premade-adventures/cards/stamped-retrieval-only.webp","https://user.uploads.dev/file/9bad584d41a4507987bb2a92c1e0f100.webp","premade-adventures.json manifest (723 entries)"
"premade-card-image","Caught You Again, Darling","","35120","true","04-project-assets/premade-adventures/cards/caught-you-again-darling.webp","https://user.uploads.dev/file/853656fff9d04d2e356a5027eb856ec4.webp","premade-adventures.json manifest (723 entries)"
"premade-card-image","Y'r Enimence","","46900","true","04-project-assets/premade-adventures/cards/yr-enimence.webp","https://user.uploads.dev/file/44ecfd1924d48f37d50d74db5f1797c7.webp","premade-adventures.json manifest (723 entries)"
"premade-card-image","Permanent Marker","","37606","true","04-project-assets/premade-adventures/cards/permanent-marker.webp","https://user.uploads.dev/file/59b805e7a056706695bb01d1b0910ad9.webp","premade-adventures.json manifest (723 entries)"
"premade-card-image","The Exterminator Knows","","25324","true","04-project-assets/premade-adventures/cards/the-exterminator-knows.webp","https://user.uploads.dev/file/88a80b6cde7b9a4ffe4373b03168a95a.webp","premade-adventures.json manifest (723 entries)"
"premade-card-image","Rain, Shine, or Doomsday","","38576","true","04-project-assets/premade-adventures/cards/rain-shine-or-doomsday.webp","https://user.uploads.dev/file/008ddc09eed58194bb4d4565402051bc.webp","premade-adventures.json manifest (723 entries)"
"premade-card-image","Kill Me Again Tomorrow","","40176","true","04-project-assets/premade-adventures/cards/kill-me-again-tomorrow.webp","https://user.uploads.dev/file/970e691e2499997fc7d7b5f348f93e0f.webp","premade-adventures.json manifest (723 entries)"
"premade-card-image","We Were Together All Night","","47770","true","04-project-assets/premade-adventures/cards/we-were-together-all-night.webp","https://user.uploads.dev/file/9a539f347f9d057da9421e83f6b86737.webp","premade-adventures.json manifest (723 entries)"
"premade-card-image","They Named Me Pancake","","43692","true","04-project-assets/premade-adventures/cards/they-named-me-pancake.webp","https://user.uploads.dev/file/a463b6472b03fed2a03c8ffa9bb0557e.webp","premade-adventures.json manifest (723 entries)"
"premade-card-image","The Mountain Purrs When I'm On Time","","55672","true","04-project-assets/premade-adventures/cards/the-mountain-purrs-when-im-on-time.webp","https://user.uploads.dev/file/d21b46005548f5dc852889d91139a929.webp","premade-adventures.json manifest (723 entries)"
"premade-card-image","Promote the Deckhand or Lose the War","","24642","true","04-project-assets/premade-adventures/cards/promote-the-deckhand-or-lose-the-war.webp","https://user.uploads.dev/file/1a552b005915caaa46d85ace0de8913c.webp","premade-adventures.json manifest (723 entries)"
"premade-card-image","I Say Please to the Siege Engine","","44476","true","04-project-assets/premade-adventures/cards/i-say-please-to-the-siege-engine.webp","https://user.uploads.dev/file/8af29d4dd0d17e142ffa8c4efacfd048.webp","premade-adventures.json manifest (723 entries)"
"premade-card-image","The Janus Wall","","15058","true","04-project-assets/premade-adventures/cards/the-janus-wall.webp","https://user.uploads.dev/file/d2d4d897251fcdb119df333312047748.webp","premade-adventures.json manifest (723 entries)"
"premade-card-image","Dress Her for the Knives","","25180","true","04-project-assets/premade-adventures/cards/dress-her-for-the-knives.webp","https://user.uploads.dev/file/248acd4288fc079808dae988267d2b3b.webp","premade-adventures.json manifest (723 entries)"
"premade-card-image","A Loser Has Come to Slay You","","20234","true","04-project-assets/premade-adventures/cards/a-loser-has-come-to-slay-you.webp","https://user.uploads.dev/file/c9b2193ea9ae074f3625e41fad82ee7c.webp","premade-adventures.json manifest (723 entries)"
"premade-card-image","Sleep-Bringer","","39070","true","04-project-assets/premade-adventures/cards/sleep-bringer.webp","https://user.uploads.dev/file/4d4d0b08f6b53034ab3af8b0240b656c.webp","premade-adventures.json manifest (723 entries)"
"premade-card-image","The Guns Miss on Purpose","","26238","true","04-project-assets/premade-adventures/cards/the-guns-miss-on-purpose.webp","https://user.uploads.dev/file/75c8083ef93fda8290985febee30ac6a.webp","premade-adventures.json manifest (723 entries)"
"premade-card-image","Swindle Me Twice","","32122","true","04-project-assets/premade-adventures/cards/swindle-me-twice.webp","https://user.uploads.dev/file/ad1cbaca4cfd813ee4b8af6326281615.webp","premade-adventures.json manifest (723 entries)"
"premade-card-image","Empty Enough to Hold It","","47550","true","04-project-assets/premade-adventures/cards/empty-enough-to-hold-it.webp","https://user.uploads.dev/file/4fa99be658dc5cfe5c8273e966da48ff.webp","premade-adventures.json manifest (723 entries)"
"premade-card-image","Call Me Hollow One More Time","","29828","true","04-project-assets/premade-adventures/cards/call-me-hollow-one-more-time.webp","https://user.uploads.dev/file/cb605e7fc1751d70bfc96c0b78de84eb.webp","premade-adventures.json manifest (723 entries)"
"premade-card-image","Unchain Me, We're Losing Daylight","","43660","true","04-project-assets/premade-adventures/cards/unchain-me-were-losing-daylight.webp","https://user.uploads.dev/file/7d186388f2f777c9431551f1889cb37d.webp","premade-adventures.json manifest (723 entries)"
"premade-card-image","I Eat What Kills You","","20682","true","04-project-assets/premade-adventures/cards/i-eat-what-kills-you.webp","https://user.uploads.dev/file/e16cac6106f2b8585ad23a36a2735e25.webp","premade-adventures.json manifest (723 entries)"
"premade-card-image","Nothing Bites the Bait Anymore","","33480","true","04-project-assets/premade-adventures/cards/nothing-bites-the-bait-anymore.webp","https://user.uploads.dev/file/6e75c50ff8e826e098fb653134d361a1.webp","premade-adventures.json manifest (723 entries)"
"premade-card-image","They Hunt Where I've Already Swept","","29028","true","04-project-assets/premade-adventures/cards/they-hunt-where-ive-already-swept.webp","https://user.uploads.dev/file/44814a1969ef8e79be0bd894f0690f72.webp","premade-adventures.json manifest (723 entries)"
"premade-card-image","Two Hundred Years, Three Carts","","49548","true","04-project-assets/premade-adventures/cards/two-hundred-years-three-carts.webp","https://user.uploads.dev/file/815ab576c2290bf93e5ce79f95772ea8.webp","premade-adventures.json manifest (723 entries)"
"premade-card-image","I One-Starred This World","","29432","true","04-project-assets/premade-adventures/cards/i-one-starred-this-world.webp","https://user.uploads.dev/file/595b43d4505ea0eef95abb4d97d83f8b.webp","premade-adventures.json manifest (723 entries)"
"premade-card-image","My Hoard Expects Breakfast","","44996","true","04-project-assets/premade-adventures/cards/my-hoard-expects-breakfast.webp","https://user.uploads.dev/file/7fcbc9103dfbf3e4e3348e239f66338b.webp","premade-adventures.json manifest (723 entries)"
"premade-card-image","Wet Dog, Cold Blood","","22590","true","04-project-assets/premade-adventures/cards/wet-dog-cold-blood.webp","https://user.uploads.dev/file/c15a87efe0471a7deb4d06f25911c24f.webp","premade-adventures.json manifest (723 entries)"
"premade-card-image","The Devil of Salem","","31136","true","04-project-assets/premade-adventures/cards/the-devil-of-salem.webp","https://user.uploads.dev/file/f73debf171e1d12f028fe6ae63c16189.webp","premade-adventures.json manifest (723 entries)"
"premade-card-image","Steal My Wife, Please","","28730","true","04-project-assets/premade-adventures/cards/steal-my-wife-please.webp","https://user.uploads.dev/file/47322acaf3f5873e96fb94d4cf8f4621.webp","premade-adventures.json manifest (723 entries)"
"premade-card-image","Hold Still, Your Sins Are Showing","","51526","true","04-project-assets/premade-adventures/cards/hold-still-your-sins-are-showing.webp","https://user.uploads.dev/file/1eaba24f9b01076bf6ac7916e6ba9f4a.webp","premade-adventures.json manifest (723 entries)"
"premade-card-image","My New Heart Holds a Grudge","","35032","true","04-project-assets/premade-adventures/cards/my-new-heart-holds-a-grudge.webp","https://user.uploads.dev/file/3dc71764c479e2e7a9836df80bca489d.webp","premade-adventures.json manifest (723 entries)"
"premade-card-image","I Decide What She Hears","","35900","true","04-project-assets/premade-adventures/cards/i-decide-what-she-hears.webp","https://user.uploads.dev/file/fedd4d364743a37adc73a47fb31b5ab0.webp","premade-adventures.json manifest (723 entries)"
"premade-card-image","Day Six","","21444","true","04-project-assets/premade-adventures/cards/day-six.webp","https://user.uploads.dev/file/287c09a95a6bc100dbe6f97147f4ebbc.webp","premade-adventures.json manifest (723 entries)"
"premade-card-image","I Read the Patch Notes","","34940","true","04-project-assets/premade-adventures/cards/i-read-the-patch-notes.webp","https://user.uploads.dev/file/3875fc10904e8858bbad2cde82d4c85e.webp","premade-adventures.json manifest (723 entries)"
"premade-card-image","The Sankaku Job","","27286","true","04-project-assets/premade-adventures/cards/the-sankaku-job.webp","https://user.uploads.dev/file/3662c08cdb5db348aa15246129871dc0.webp","premade-adventures.json manifest (723 entries)"
"premade-card-image","They Keep Toasting My Health","","33442","true","04-project-assets/premade-adventures/cards/they-keep-toasting-my-health.webp","https://user.uploads.dev/file/f79550a5f53399cbc12968281e8ecee8.webp","premade-adventures.json manifest (723 entries)"
"premade-card-image","The New Normal","","32336","true","04-project-assets/premade-adventures/cards/the-new-normal.webp","https://user.uploads.dev/file/10d1bb4355f0c7d54a1d4c2a27374285.webp","premade-adventures.json manifest (723 entries)"
"premade-card-image","Standby, Assassin","","28744","true","04-project-assets/premade-adventures/cards/standby-assassin.webp","https://user.uploads.dev/file/dc0f28bc8b006ede5e6fcecc8d4d0bb7.webp","premade-adventures.json manifest (723 entries)"
"premade-card-image","His Pack Followed Me Home","","25388","true","04-project-assets/premade-adventures/cards/his-pack-followed-me-home.webp","https://user.uploads.dev/file/843789c418b01c5beb583ab2b2ac057c.webp","premade-adventures.json manifest (723 entries)"
"premade-card-image","The Tyrant Repeats a Year","","28358","true","04-project-assets/premade-adventures/cards/the-tyrant-repeats-a-year.webp","https://user.uploads.dev/file/fa6f67826fccff627a58097bf2c78931.webp","premade-adventures.json manifest (723 entries)"
"premade-card-image","Her Head Is Worth Ten Floors","","28438","true","04-project-assets/premade-adventures/cards/her-head-is-worth-ten-floors.webp","https://user.uploads.dev/file/0969e6c463b2a8ab89b52094309fb073.webp","premade-adventures.json manifest (723 entries)"
"premade-card-image","She Gets Worse Every Today","","30724","true","04-project-assets/premade-adventures/cards/she-gets-worse-every-today.webp","https://user.uploads.dev/file/cfdd1b1bd3af7b84a4765e2800bb0d9c.webp","premade-adventures.json manifest (723 entries)"
"premade-card-image","The Fourth Seat","","47608","true","04-project-assets/premade-adventures/cards/the-fourth-seat.webp","https://user.uploads.dev/file/1c925386d5211c8a64a4a56ac7e3b82e.webp","premade-adventures.json manifest (723 entries)"
"premade-card-image","A Thousand Fools at Your Door","","29574","true","04-project-assets/premade-adventures/cards/a-thousand-fools-at-your-door.webp","https://user.uploads.dev/file/7ee44f2f741bdd5e2269a3c58ea4cd8a.webp","premade-adventures.json manifest (723 entries)"
"premade-card-image","The Dam Fills When I Don't Cry","","22242","true","04-project-assets/premade-adventures/cards/the-dam-fills-when-i-dont-cry.webp","https://user.uploads.dev/file/4b3df79e3c28078de55118f7a29c820d.webp","premade-adventures.json manifest (723 entries)"
"premade-card-image","The Rumor of Marrow Lake","","28138","true","04-project-assets/premade-adventures/cards/the-rumor-of-marrow-lake.webp","https://user.uploads.dev/file/d6045e1f9ef95ecd1207badcca5c17a1.webp","premade-adventures.json manifest (723 entries)"
"premade-card-image","Chaperoned","","26452","true","04-project-assets/premade-adventures/cards/chaperoned.webp","https://user.uploads.dev/file/2af05ffffc2bcdfdcc739bae4abf0744.webp","premade-adventures.json manifest (723 entries)"
"premade-card-image","Off-Camera","","25830","true","04-project-assets/premade-adventures/cards/off-camera.webp","https://user.uploads.dev/file/41a0eebdbc66aaa34e5c8a155586278b.webp","premade-adventures.json manifest (723 entries)"
"premade-card-image","Taking Their Moms to Prom","","18408","true","04-project-assets/premade-adventures/cards/taking-their-moms-to-prom.webp","https://user.uploads.dev/file/316d4198e9f90fb7e8323d4953112300.webp","premade-adventures.json manifest (723 entries)"
"premade-card-image","Getting Down Is Mandatory","","33132","true","04-project-assets/premade-adventures/cards/getting-down-is-mandatory.webp","https://user.uploads.dev/file/581c08cd8758842d4c173d269bcf834d.webp","premade-adventures.json manifest (723 entries)"
"premade-card-image","He Screams on Cue","","22482","true","04-project-assets/premade-adventures/cards/he-screams-on-cue.webp","https://user.uploads.dev/file/91e97c20b5598c8544aa42d68db642a0.webp","premade-adventures.json manifest (723 entries)"
"premade-card-image","The Getaway Money Has My Face","","36720","true","04-project-assets/premade-adventures/cards/the-getaway-money-has-my-face.webp","https://user.uploads.dev/file/2630ae89e19c7a8ec9c8b0413b5e8716.webp","premade-adventures.json manifest (723 entries)"
"premade-card-image","The Spies Change Diapers","","39234","true","04-project-assets/premade-adventures/cards/the-spies-change-diapers.webp","https://user.uploads.dev/file/2466af94daef7214f0ee3d4f63310d74.webp","premade-adventures.json manifest (723 entries)"
"premade-card-image","The Lake Comes Back Friday","","38022","true","04-project-assets/premade-adventures/cards/the-lake-comes-back-friday.webp","https://user.uploads.dev/file/60c6b28946e9f986a7c6fcbc0229e224.webp","premade-adventures.json manifest (723 entries)"
"premade-card-image","The Forge Wants My Heart","","23034","true","04-project-assets/premade-adventures/cards/the-forge-wants-my-heart.webp","https://user.uploads.dev/file/e850e8978fb8e5255154d2773f019f84.webp","premade-adventures.json manifest (723 entries)"
"premade-card-image","Sentenced to My Table","","30746","true","04-project-assets/premade-adventures/cards/sentenced-to-my-table.webp","https://user.uploads.dev/file/99fdbc3c7cb7459ed0e47326d58028e8.webp","premade-adventures.json manifest (723 entries)"
"premade-card-image","I Pass Every Screening","","31564","true","04-project-assets/premade-adventures/cards/i-pass-every-screening.webp","https://user.uploads.dev/file/5f97bd6d358a77d69216a693a1135a47.webp","premade-adventures.json manifest (723 entries)"
"premade-card-image","You Are the Grand Prize","","36382","true","04-project-assets/premade-adventures/cards/you-are-the-grand-prize.webp","https://user.uploads.dev/file/218662dcc6ab4a96dca1ba9f285a5f50.webp","premade-adventures.json manifest (723 entries)"
"premade-card-image","Officially, I Died Here","","28086","true","04-project-assets/premade-adventures/cards/officially-i-died-here.webp","https://user.uploads.dev/file/27bea05b19ade94b417e57b8ae1fb82c.webp","premade-adventures.json manifest (723 entries)"
"premade-card-image","The Emperor of Ash","","19246","true","04-project-assets/premade-adventures/cards/the-emperor-of-ash.webp","https://user.uploads.dev/file/65e50f5d5d54b2d6a3c10628e5dfbb5f.webp","premade-adventures.json manifest (723 entries)"
"premade-card-image","DEEPWELL: You Are the Specimen","","16306","true","04-project-assets/premade-adventures/cards/deepwell-you-are-the-specimen.webp","https://user.uploads.dev/file/5c327fceacd4f05d713dbd983ddd67e2.webp","premade-adventures.json manifest (723 entries)"
"premade-card-image","Long-Time Dead, First-Time Caller","","30492","true","04-project-assets/premade-adventures/cards/long-time-dead-first-time-caller.webp","https://user.uploads.dev/file/b5644987d5d5d03657f0bf4121399cb8.webp","premade-adventures.json manifest (723 entries)"
"premade-card-image","I Keep a Vow I Can't Read","","37248","true","04-project-assets/premade-adventures/cards/i-keep-a-vow-i-cant-read.webp","https://user.uploads.dev/file/8b5fc0d15c3c89720b906e575e2bc83e.webp","premade-adventures.json manifest (723 entries)"
"premade-card-image","Lodestone","","34702","true","04-project-assets/premade-adventures/cards/lodestone.webp","https://user.uploads.dev/file/a03c4de16a8556ebb05c92cec0166e70.webp","premade-adventures.json manifest (723 entries)"
"premade-card-image","I Tuck the Country In at Eight","","30102","true","04-project-assets/premade-adventures/cards/i-tuck-the-country-in-at-eight.webp","https://user.uploads.dev/file/f23d87cf53306636409e2ebba08cd505.webp","premade-adventures.json manifest (723 entries)"
"premade-card-image","It Told Me How to Kill It","","21890","true","04-project-assets/premade-adventures/cards/it-told-me-how-to-kill-it.webp","https://user.uploads.dev/file/ddb666edddefa478038b1e8f3f417fc7.webp","premade-adventures.json manifest (723 entries)"
"premade-card-image","I Installed Every Tyrant","","52458","true","04-project-assets/premade-adventures/cards/i-installed-every-tyrant.webp","https://user.uploads.dev/file/3abddea2c7f23cc0414019e3049e2f53.webp","premade-adventures.json manifest (723 entries)"
"premade-card-image","My Rival Buys the Tires","","33454","true","04-project-assets/premade-adventures/cards/my-rival-buys-the-tires.webp","https://user.uploads.dev/file/e2c3d61fc3789fe174ac1d9f25b0988a.webp","premade-adventures.json manifest (723 entries)"
"premade-card-image","The Ochre Devil","","36162","true","04-project-assets/premade-adventures/cards/the-ochre-devil.webp","https://user.uploads.dev/file/68e323aa22509db74109cc25d5e44f43.webp","premade-adventures.json manifest (723 entries)"
"premade-card-image","They're Building Marigold a Statue","","56752","true","04-project-assets/premade-adventures/cards/theyre-building-marigold-a-statue.webp","https://user.uploads.dev/file/6ef734dcc14f3097ceb62e220054b2f3.webp","premade-adventures.json manifest (723 entries)"
"premade-card-image","My Hoax Just Wrote Back","","36916","true","04-project-assets/premade-adventures/cards/my-hoax-just-wrote-back.webp","https://user.uploads.dev/file/7e9a3ff58af679eeec7f065328881282.webp","premade-adventures.json manifest (723 entries)"
"premade-card-image","The Doctors Are Killing Him","","33788","true","04-project-assets/premade-adventures/cards/the-doctors-are-killing-him.webp","https://user.uploads.dev/file/81458b740220d9b0ebf30145aaac2f33.webp","premade-adventures.json manifest (723 entries)"
"premade-card-image","Her Majesty, Surrendered","","16876","true","04-project-assets/premade-adventures/cards/her-majesty-surrendered.webp","https://user.uploads.dev/file/0076e62e712fb18d8cf5ea1f6eb40462.webp","premade-adventures.json manifest (723 entries)"
"premade-card-image","Hold Still, I Hate You","","34594","true","04-project-assets/premade-adventures/cards/hold-still-i-hate-you.webp","https://user.uploads.dev/file/c6490c9aacac9951de7593fc3396c0de.webp","premade-adventures.json manifest (723 entries)"
"premade-card-image","Two Heads of the Household","","42564","true","04-project-assets/premade-adventures/cards/two-heads-of-the-household.webp","https://user.uploads.dev/file/54252628755c792f09a7497cf9c852a0.webp","premade-adventures.json manifest (723 entries)"
"premade-card-image","It Hatched Knowing My Name","","19526","true","04-project-assets/premade-adventures/cards/it-hatched-knowing-my-name.webp","https://user.uploads.dev/file/b86f9e7736d17c19b79ea18956534c3e.webp","premade-adventures.json manifest (723 entries)"
"premade-card-image","Every Capture Says Long Time No See","","30352","true","04-project-assets/premade-adventures/cards/every-capture-says-long-time-no-see.webp","https://user.uploads.dev/file/e1bd295b68e01e3c3ae0c49a17fe71fc.webp","premade-adventures.json manifest (723 entries)"
"premade-card-image","A Marriage of Thorns","","41580","true","04-project-assets/premade-adventures/cards/a-marriage-of-thorns.webp","https://user.uploads.dev/file/bb0a400280cd602e4fcb3cf3d478fb81.webp","premade-adventures.json manifest (723 entries)"
"premade-card-image","The Neighbors Agree","","23922","true","04-project-assets/premade-adventures/cards/the-neighbors-agree.webp","https://user.uploads.dev/file/c509bff771ca07860bf44e6926ea5bd4.webp","premade-adventures.json manifest (723 entries)"
"premade-card-image","I Wrote This War","","37380","true","04-project-assets/premade-adventures/cards/i-wrote-this-war.webp","https://user.uploads.dev/file/b9ceeefa7442620cf6a69cc0820af547.webp","premade-adventures.json manifest (723 entries)"
"premade-card-image","The Dragon Is Being Weird","","36090","true","04-project-assets/premade-adventures/cards/the-dragon-is-being-weird.webp","https://user.uploads.dev/file/1a1a87285309ece49f85ff4448a2af40.webp","premade-adventures.json manifest (723 entries)"
"premade-card-image","The Locked Room Wants My Family","","36464","true","04-project-assets/premade-adventures/cards/the-locked-room-wants-my-family.webp","https://user.uploads.dev/file/11d0cae96058410dec10e5ce1db7bf13.webp","premade-adventures.json manifest (723 entries)"
"premade-card-image","The Wild Won't Take Them Back","","32524","true","04-project-assets/premade-adventures/cards/the-wild-wont-take-them-back.webp","https://user.uploads.dev/file/56fb5588f6d6d6d3ea3e44a5d4776651.webp","premade-adventures.json manifest (723 entries)"
"premade-card-image","Consort of the Carrion Queen","","30522","true","04-project-assets/premade-adventures/cards/consort-of-the-carrion-queen.webp","https://user.uploads.dev/file/ef6276061d9d406d96882e5439cec112.webp","premade-adventures.json manifest (723 entries)"
"premade-card-image","I Swept the Ashes of Every God","","30220","true","04-project-assets/premade-adventures/cards/i-swept-the-ashes-of-every-god.webp","https://user.uploads.dev/file/616c4bfd74143e194b54e6ff430be64e.webp","premade-adventures.json manifest (723 entries)"
"premade-card-image","Soulbrand: The Red Verdict","","18212","true","04-project-assets/premade-adventures/cards/soulbrand-the-red-verdict.webp","https://user.uploads.dev/file/a450425c0b0672cecabe4a25cf93ae5a.webp","premade-adventures.json manifest (723 entries)"
"premade-card-image","The Monster Almanac","","27656","true","04-project-assets/premade-adventures/cards/the-monster-almanac.webp","https://user.uploads.dev/file/d52dc96ba656f8880a010c4fed8d6e8b.webp","premade-adventures.json manifest (723 entries)"
"premade-card-image","The Pyre Can Wait","","23732","true","04-project-assets/premade-adventures/cards/the-pyre-can-wait.webp","https://user.uploads.dev/file/a6794ff8036a0c1c666fc1bd8a12bf74.webp","premade-adventures.json manifest (723 entries)"
"premade-card-image","Thin Walls","","27508","true","04-project-assets/premade-adventures/cards/thin-walls.webp","https://user.uploads.dev/file/e79a61383d72b9bd45fba4b76775319d.webp","premade-adventures.json manifest (723 entries)"
"premade-card-image","The Debt Under Your Bed","","16748","true","04-project-assets/premade-adventures/cards/the-debt-under-your-bed.webp","https://user.uploads.dev/file/a73bdbc717817cc0b31a5fd2e4b5f7ff.webp","premade-adventures.json manifest (723 entries)"
"premade-card-image","My Arsenal Wants to Move On","","35222","true","04-project-assets/premade-adventures/cards/my-arsenal-wants-to-move-on.webp","https://user.uploads.dev/file/57548aa74eaba98929ec73340a5478f8.webp","premade-adventures.json manifest (723 entries)"
"premade-card-image","Best Friend, Worst Influence","","31400","true","04-project-assets/premade-adventures/cards/best-friend-worst-influence.webp","https://user.uploads.dev/file/43bcc3353d113c30aa9a3fbdf4c92efb.webp","premade-adventures.json manifest (723 entries)"
"premade-card-image","The Chalk Says Sleeping Wolf","","61412","true","04-project-assets/premade-adventures/cards/the-chalk-says-sleeping-wolf.webp","https://user.uploads.dev/file/0ef50181e210d255922e6938f9677443.webp","premade-adventures.json manifest (723 entries)"
"premade-card-image","Let Me Hold That","","45780","true","04-project-assets/premade-adventures/cards/let-me-hold-that.webp","https://user.uploads.dev/file/ba101f4db3842fa71670072057967433.webp","premade-adventures.json manifest (723 entries)"
"premade-card-image","I Married My Cause of Death","","21498","true","04-project-assets/premade-adventures/cards/i-married-my-cause-of-death.webp","https://user.uploads.dev/file/cc1bba8221700fb2ca853e70fb7b2472.webp","premade-adventures.json manifest (723 entries)"
"premade-card-image","The Dawn Forecloses Behind Us","","39518","true","04-project-assets/premade-adventures/cards/the-dawn-forecloses-behind-us.webp","https://user.uploads.dev/file/36f8bc7ec68274ec16b7533185ff3c77.webp","premade-adventures.json manifest (723 entries)"
"premade-card-image","The Fae Keep Quoting Me","","50188","true","04-project-assets/premade-adventures/cards/the-fae-keep-quoting-me.webp","https://user.uploads.dev/file/552d65c4b7fdde36fa0f6a2cf1bc74cf.webp","premade-adventures.json manifest (723 entries)"
"premade-card-image","Each Soul Owes Me Once","","34918","true","04-project-assets/premade-adventures/cards/each-soul-owes-me-once.webp","https://user.uploads.dev/file/2d82fcf29a4d3b8f8a2d8c930d4ff28c.webp","premade-adventures.json manifest (723 entries)"
"premade-card-image","You Are the Dungeon","","26558","true","04-project-assets/premade-adventures/cards/you-are-the-dungeon.webp","https://user.uploads.dev/file/035cfacfe5dfbd69e7a4c1d586067504.webp","premade-adventures.json manifest (723 entries)"
"premade-card-image","The Bounty Does the Dishes","","38706","true","04-project-assets/premade-adventures/cards/the-bounty-does-the-dishes.webp","https://user.uploads.dev/file/b5c4a1b6be4db16781791512bfecb86d.webp","premade-adventures.json manifest (723 entries)"
"premade-card-image","Two Months Behind","","45784","true","04-project-assets/premade-adventures/cards/two-months-behind.webp","https://user.uploads.dev/file/2961a74ae560cbccebf8621cdb32fc14.webp","premade-adventures.json manifest (723 entries)"
"premade-card-image","The Specials Board Is in Demonic","","37580","true","04-project-assets/premade-adventures/cards/the-specials-board-is-in-demonic.webp","https://user.uploads.dev/file/e3f3df4b89fa4f820830eea2a0af3e95.webp","premade-adventures.json manifest (723 entries)"
"premade-card-image","The Queen You Were Given","","26868","true","04-project-assets/premade-adventures/cards/the-queen-you-were-given.webp","https://user.uploads.dev/file/d2183961e7ee9f010e222515e9d6e375.webp","premade-adventures.json manifest (723 entries)"
"premade-card-image","The Gold Armband","","31572","true","04-project-assets/premade-adventures/cards/the-gold-armband.webp","https://user.uploads.dev/file/080714d7ec2e7500a33172ba8188fbff.webp","premade-adventures.json manifest (723 entries)"
"premade-card-image","The Comfort Unit","","33346","true","04-project-assets/premade-adventures/cards/the-comfort-unit.webp","https://user.uploads.dev/file/c6d4b17f5a9dc05657fa62e2a94fac67.webp","premade-adventures.json manifest (723 entries)"
"premade-card-image","The Trophy Room","","17358","true","04-project-assets/premade-adventures/cards/the-trophy-room.webp","https://user.uploads.dev/file/706e7437c331be4672869a7e4f7a2f64.webp","premade-adventures.json manifest (723 entries)"
"premade-card-image","The Calamity Booked a Cleaning","","43934","true","04-project-assets/premade-adventures/cards/the-calamity-booked-a-cleaning.webp","https://user.uploads.dev/file/febac3e69cf2e52f5d40416ebd1d7985.webp","premade-adventures.json manifest (723 entries)"
"premade-card-image","I Can't Edit Her Out","","22470","true","04-project-assets/premade-adventures/cards/i-cant-edit-her-out.webp","https://user.uploads.dev/file/542283e75b771f3fe61930e42f9fb740.webp","premade-adventures.json manifest (723 entries)"
"premade-card-image","Lethe, the Devoted Machine","","28092","true","04-project-assets/premade-adventures/cards/lethe-the-devoted-machine.webp","https://user.uploads.dev/file/cb40aed5f193c737681fbc64c56b8dfb.webp","premade-adventures.json manifest (723 entries)"
"premade-card-image","The Twenty-Coin Mare","","25320","true","04-project-assets/premade-adventures/cards/the-twenty-coin-mare.webp","https://user.uploads.dev/file/77049c4faaf8417ee6db4bfadd26c0bd.webp","premade-adventures.json manifest (723 entries)"
"premade-card-image","Her Favorite Loser","","28504","true","04-project-assets/premade-adventures/cards/her-favorite-loser.webp","https://user.uploads.dev/file/a6abc73f531aa317dc1bb08e15a0ef8b.webp","premade-adventures.json manifest (723 entries)"
"premade-card-image","I Kiss the Censor Goodnight","","38966","true","04-project-assets/premade-adventures/cards/i-kiss-the-censor-goodnight.webp","https://user.uploads.dev/file/a83b2453a5fab3c225ef32cc2a16680b.webp","premade-adventures.json manifest (723 entries)"
"premade-card-image","It's Not Catching","","39622","true","04-project-assets/premade-adventures/cards/its-not-catching.webp","https://user.uploads.dev/file/77ca0c121b02c6e26ef007b96509ccab.webp","premade-adventures.json manifest (723 entries)"
"premade-card-image","The Negotiators Think They're Muted","","24172","true","04-project-assets/premade-adventures/cards/the-negotiators-think-theyre-muted.webp","https://user.uploads.dev/file/cc4b0fd7c0cb460eea5fffac6ba50078.webp","premade-adventures.json manifest (723 entries)"
"premade-card-image","Updates Whenever He Gives Up","","36714","true","04-project-assets/premade-adventures/cards/updates-whenever-he-gives-up.webp","https://user.uploads.dev/file/76a1676eeebaf607676369e9306856f3.webp","premade-adventures.json manifest (723 entries)"
"premade-card-image","Prize Lot: One Human","","31582","true","04-project-assets/premade-adventures/cards/prize-lot-one-human.webp","https://user.uploads.dev/file/732e4de6aac337df58bccc7cd4ccef5f.webp","premade-adventures.json manifest (723 entries)"
"premade-card-image","The Pact Says No Falling","","36708","true","04-project-assets/premade-adventures/cards/the-pact-says-no-falling.webp","https://user.uploads.dev/file/0bfc724cefe1a459c1bd574cd329fd19.webp","premade-adventures.json manifest (723 entries)"
"premade-card-image","Seven Feet of Nervous","","32042","true","04-project-assets/premade-adventures/cards/seven-feet-of-nervous.webp","https://user.uploads.dev/file/4e831ce5dc189dad83403bfed417937b.webp","premade-adventures.json manifest (723 entries)"
"premade-card-image","The League Pays Me to Lose","","36462","true","04-project-assets/premade-adventures/cards/the-league-pays-me-to-lose.webp","https://user.uploads.dev/file/a04cd9272144d76d35f3ae7eb19eb1e1.webp","premade-adventures.json manifest (723 entries)"
"premade-card-image","Previous Owner Included","","49712","true","04-project-assets/premade-adventures/cards/previous-owner-included.webp","https://user.uploads.dev/file/532c39bcf80b773b2215c813528c303a.webp","premade-adventures.json manifest (723 entries)"
"premade-card-image","Her Pulse Is Public Record","","28296","true","04-project-assets/premade-adventures/cards/her-pulse-is-public-record.webp","https://user.uploads.dev/file/902c7a1e5f2db9201708c3d21f7ed3e7.webp","premade-adventures.json manifest (723 entries)"
"premade-card-image","Neither Rain Nor Sixty Years","","46120","true","04-project-assets/premade-adventures/cards/neither-rain-nor-sixty-years.webp","https://user.uploads.dev/file/59854aaeec57a984ae871bcd962d67e5.webp","premade-adventures.json manifest (723 entries)"
"premade-card-image","She Confiscated My Whole World","","45146","true","04-project-assets/premade-adventures/cards/she-confiscated-my-whole-world.webp","https://user.uploads.dev/file/9196d92df8e8b2971f5434d4ba274385.webp","premade-adventures.json manifest (723 entries)"
"premade-card-image","Molt & Mane","","35970","true","04-project-assets/premade-adventures/cards/molt-mane.webp","https://user.uploads.dev/file/75653a67de489e0d743b4b66e58fb43a.webp","premade-adventures.json manifest (723 entries)"
"premade-card-image","It Only Wants One Word","","44584","true","04-project-assets/premade-adventures/cards/it-only-wants-one-word.webp","https://user.uploads.dev/file/4a1de36affb93b94ae9bd736723f463d.webp","premade-adventures.json manifest (723 entries)"
"premade-card-image","Your Roommate Is Not a Vampire","","27866","true","04-project-assets/premade-adventures/cards/your-roommate-is-not-a-vampire.webp","https://user.uploads.dev/file/4bcf9fddb4ad439c366b318bfac5c328.webp","premade-adventures.json manifest (723 entries)"
"premade-card-image","The Frost Saint of Kannon Bay","","28996","true","04-project-assets/premade-adventures/cards/the-frost-saint-of-kannon-bay.webp","https://user.uploads.dev/file/e3ad947fdc4b9a4dad68bd147e82312c.webp","premade-adventures.json manifest (723 entries)"
"premade-card-image","I Don't Install Leashes","","39082","true","04-project-assets/premade-adventures/cards/i-dont-install-leashes.webp","https://user.uploads.dev/file/eb98957a92b1f0a4e692f0818df85319.webp","premade-adventures.json manifest (723 entries)"
"premade-card-image","Hero #41 (She's So Over It)","","30780","true","04-project-assets/premade-adventures/cards/hero-41-shes-so-over-it.webp","https://user.uploads.dev/file/a4c9ac3c80d48af145c8a7d2fc127a19.webp","premade-adventures.json manifest (723 entries)"
"premade-card-image","He Knows All Nine by Heart","","27428","true","04-project-assets/premade-adventures/cards/he-knows-all-nine-by-heart.webp","https://user.uploads.dev/file/6062f0acb33ae85975d04a9e4517d331.webp","premade-adventures.json manifest (723 entries)"
"premade-card-image","Every Floor Keeps One of Them","","43906","true","04-project-assets/premade-adventures/cards/every-floor-keeps-one-of-them.webp","https://user.uploads.dev/file/d7ca8b0f4368084051410aeea27a5aa3.webp","premade-adventures.json manifest (723 entries)"
"premade-card-image","Level 1 Rogue Seeks Party","","40794","true","04-project-assets/premade-adventures/cards/level-1-rogue-seeks-party.webp","https://user.uploads.dev/file/9504f742acfc0048c28cf89ed722de78.webp","premade-adventures.json manifest (723 entries)"
"premade-card-image","The Black Ewe's Kid","","31938","true","04-project-assets/premade-adventures/cards/the-black-ewes-kid.webp","https://user.uploads.dev/file/1f959dbf429768b626d8656c332a184c.webp","premade-adventures.json manifest (723 entries)"
"premade-card-image","Sixty Years Late, Four Years Older","","35316","true","04-project-assets/premade-adventures/cards/sixty-years-late-four-years-older.webp","https://user.uploads.dev/file/eaf2fa9ecc08953700a2212ebbff4682.webp","premade-adventures.json manifest (723 entries)"
"premade-card-image","The Curse Skips Me","","34172","true","04-project-assets/premade-adventures/cards/the-curse-skips-me.webp","https://user.uploads.dev/file/802b340ca36cd5265803cc4f52eb0f87.webp","premade-adventures.json manifest (723 entries)"
"premade-card-image","No Homo, Bro","","48580","true","04-project-assets/premade-adventures/cards/no-homo-bro.webp","https://user.uploads.dev/file/2d07187fc8d57bea7c211c5b10b6e2c7.webp","premade-adventures.json manifest (723 entries)"
"premade-card-image","Hel Sent My Favorite Knife","","18980","true","04-project-assets/premade-adventures/cards/hel-sent-my-favorite-knife.webp","https://user.uploads.dev/file/55e633483cda91970ddf7ff03850ccad.webp","premade-adventures.json manifest (723 entries)"
"premade-card-image","Perfectly Reasonable","","18704","true","04-project-assets/premade-adventures/cards/perfectly-reasonable.webp","https://user.uploads.dev/file/9091721764e43723c38a7fe4ac251616.webp","premade-adventures.json manifest (723 entries)"
"premade-card-image","Crown of the Greenmaw","","45886","true","04-project-assets/premade-adventures/cards/crown-of-the-greenmaw.webp","https://user.uploads.dev/file/7629b21392be9c14c64d6465641800e0.webp","premade-adventures.json manifest (723 entries)"
"premade-card-image","Keys to His House","","24120","true","04-project-assets/premade-adventures/cards/keys-to-his-house.webp","https://user.uploads.dev/file/07deb543516ab8c423e6e6691342b241.webp","premade-adventures.json manifest (723 entries)"
"premade-card-image","Ash Over Water","","15694","true","04-project-assets/premade-adventures/cards/ash-over-water.webp","https://user.uploads.dev/file/79c31171a05ce8ba2c60ea95e667b403.webp","premade-adventures.json manifest (723 entries)"
"premade-card-image","Mush, You Monsters","","18374","true","04-project-assets/premade-adventures/cards/mush-you-monsters.webp","https://user.uploads.dev/file/340fa279a4db1feec7c4c5da60bc5d0d.webp","premade-adventures.json manifest (723 entries)"
"premade-card-image","The Emperor Still Loves You","","23174","true","04-project-assets/premade-adventures/cards/the-emperor-still-loves-you.webp","https://user.uploads.dev/file/485d7ff47745d17c75a9df5bbc356aa8.webp","premade-adventures.json manifest (723 entries)"
"premade-card-image","Stop Helping, I'm a Fraud","","43528","true","04-project-assets/premade-adventures/cards/stop-helping-im-a-fraud.webp","https://user.uploads.dev/file/313d43c3fd372461141ebf0e0f0ab498.webp","premade-adventures.json manifest (723 entries)"
"premade-card-image","Your Girlfailure Is Live","","34828","true","04-project-assets/premade-adventures/cards/your-girlfailure-is-live.webp","https://user.uploads.dev/file/dc703e80e69f27d7a8ac4e21b391a7b7.webp","premade-adventures.json manifest (723 entries)"
"premade-card-image","Remind Her She's Terrifying","","54892","true","04-project-assets/premade-adventures/cards/remind-her-shes-terrifying.webp","https://user.uploads.dev/file/641813801b110de5407de6c4c00aec64.webp","premade-adventures.json manifest (723 entries)"
"premade-card-image","Moth Behind the Glass","","21834","true","04-project-assets/premade-adventures/cards/moth-behind-the-glass.webp","https://user.uploads.dev/file/c424c89ba657f2f9ede07918c9983ec4.webp","premade-adventures.json manifest (723 entries)"
"premade-card-image","CONSENSUS","","35588","true","04-project-assets/premade-adventures/cards/consensus.webp","https://user.uploads.dev/file/b21c69e7108c576b5dc89375e6d6185f.webp","premade-adventures.json manifest (723 entries)"
"premade-card-image","Madame Vess's Grand Bazaar","","37464","true","04-project-assets/premade-adventures/cards/madame-vesss-grand-bazaar.webp","https://user.uploads.dev/file/0a813728044c1e38c5ed30106a146a6d.webp","premade-adventures.json manifest (723 entries)"
"premade-card-image","The Intern Recognized My Country","","48630","true","04-project-assets/premade-adventures/cards/the-intern-recognized-my-country.webp","https://user.uploads.dev/file/fc8dd1b5671fa82f1989fda50fac7b03.webp","premade-adventures.json manifest (723 entries)"
"premade-card-image","The Final Boss & The Girl Who Respawns","","27596","true","04-project-assets/premade-adventures/cards/the-final-boss-the-girl-who-respawns.webp","https://user.uploads.dev/file/e7629eb67d0c364c740ef93c66fe14e2.webp","premade-adventures.json manifest (723 entries)"
"premade-card-image","The Twenty-Eighth Interview","","22220","true","04-project-assets/premade-adventures/cards/the-twenty-eighth-interview.webp","https://user.uploads.dev/file/82903895bbd4f4a5eb1f12d199d99074.webp","premade-adventures.json manifest (723 entries)"
"premade-card-image","Pretty in White","","49738","true","04-project-assets/premade-adventures/cards/pretty-in-white.webp","https://user.uploads.dev/file/f78dad5793d7b5c658a310e99a561c4c.webp","premade-adventures.json manifest (723 entries)"
"premade-card-image","Sable Needs a New Owner","","22328","true","04-project-assets/premade-adventures/cards/sable-needs-a-new-owner.webp","https://user.uploads.dev/file/8170d461e32bd2e52fbb65b9d072a23e.webp","premade-adventures.json manifest (723 entries)"
"premade-card-image","The Detective Comes Up Blank","","38238","true","04-project-assets/premade-adventures/cards/the-detective-comes-up-blank.webp","https://user.uploads.dev/file/8b25707b7c82eea45f89566d7d7e2632.webp","premade-adventures.json manifest (723 entries)"
"premade-card-image","Goldfish Funeral","","26180","true","04-project-assets/premade-adventures/cards/goldfish-funeral.webp","https://user.uploads.dev/file/f2eb69991bfa3901e83312b10c1ab0cd.webp","premade-adventures.json manifest (723 entries)"
"premade-card-image","Exhibit A Is Raising Her Kid","","22132","true","04-project-assets/premade-adventures/cards/exhibit-a-is-raising-her-kid.webp","https://user.uploads.dev/file/2ac4a9a1f989e8588000a8ed59a2d770.webp","premade-adventures.json manifest (723 entries)"
"premade-card-image","Quiet Sunday Came Early","","21602","true","04-project-assets/premade-adventures/cards/quiet-sunday-came-early.webp","https://user.uploads.dev/file/245cc3dcfbf838f81aa4140b3f16578b.webp","premade-adventures.json manifest (723 entries)"
"premade-card-image","The Sea Is Courting Me","","43944","true","04-project-assets/premade-adventures/cards/the-sea-is-courting-me.webp","https://user.uploads.dev/file/71fe4e5cbaa55b77e08bc5f64c26cab0.webp","premade-adventures.json manifest (723 entries)"
"premade-card-image","The Hunt Must Fail","","41386","true","04-project-assets/premade-adventures/cards/the-hunt-must-fail.webp","https://user.uploads.dev/file/c7a54b40580b618c42a0a9be01cd3a52.webp","premade-adventures.json manifest (723 entries)"
"premade-card-image","The Woods Still Call Me Majesty","","28000","true","04-project-assets/premade-adventures/cards/the-woods-still-call-me-majesty.webp","https://user.uploads.dev/file/ee16ec36660b93f24e535ceb8e282cfa.webp","premade-adventures.json manifest (723 entries)"
"premade-card-image","His Name's on the Library","","22792","true","04-project-assets/premade-adventures/cards/his-names-on-the-library.webp","https://user.uploads.dev/file/f10c00df8eca3dbb54623ba19af9d2d6.webp","premade-adventures.json manifest (723 entries)"
"premade-card-image","The Cautionary Tale Gets Custody","","34568","true","04-project-assets/premade-adventures/cards/the-cautionary-tale-gets-custody.webp","https://user.uploads.dev/file/f6faa6771161baeaf655d65a5bffab21.webp","premade-adventures.json manifest (723 entries)"
"premade-card-image","Nobody Wrote Chapter 188","","62272","true","04-project-assets/premade-adventures/cards/nobody-wrote-chapter-188.webp","https://user.uploads.dev/file/62241cbf29f52cbba15cf1f38df2210c.webp","premade-adventures.json manifest (723 entries)"
"premade-card-image","Never Answer It Twice","","19614","true","04-project-assets/premade-adventures/cards/never-answer-it-twice.webp","https://user.uploads.dev/file/b0484016b66374730c01940b7ba61e18.webp","premade-adventures.json manifest (723 entries)"
"premade-card-image","The Brat and the Backforty","","31004","true","04-project-assets/premade-adventures/cards/the-brat-and-the-backforty.webp","https://user.uploads.dev/file/2cfd8c8ef22fd5413bb78c053ee4e501.webp","premade-adventures.json manifest (723 entries)"
"premade-card-image","Clock Out Before Inventory","","17622","true","04-project-assets/premade-adventures/cards/clock-out-before-inventory.webp","https://user.uploads.dev/file/e6984682fa72a1c58b99e1703643dd53.webp","premade-adventures.json manifest (723 entries)"
"premade-card-image","The Crown Fits, the Ending Doesn't","","38122","true","04-project-assets/premade-adventures/cards/the-crown-fits-the-ending-doesnt.webp","https://user.uploads.dev/file/1a3bf7dc1492d6e0966eb3d44fc670ec.webp","premade-adventures.json manifest (723 entries)"
"premade-card-image","Everything Must Goblin","","52940","true","04-project-assets/premade-adventures/cards/everything-must-goblin.webp","https://user.uploads.dev/file/c9e6084589b40ec722a55d75aedbb3f0.webp","premade-adventures.json manifest (723 entries)"
"premade-card-image","I Keep My Own Warning Lit","","27486","true","04-project-assets/premade-adventures/cards/i-keep-my-own-warning-lit.webp","https://user.uploads.dev/file/40551fcc48f8d328f40351275b8852eb.webp","premade-adventures.json manifest (723 entries)"
"premade-card-image","Top of the Iron Ladder","","26572","true","04-project-assets/premade-adventures/cards/top-of-the-iron-ladder.webp","https://user.uploads.dev/file/1f8edbe962d6b20a8bd0b817e0f7ba79.webp","premade-adventures.json manifest (723 entries)"
"premade-card-image","The Dowry Is a Rumor","","46260","true","04-project-assets/premade-adventures/cards/the-dowry-is-a-rumor.webp","https://user.uploads.dev/file/7572dcb58ffe36be2197cf14ad7d4b3f.webp","premade-adventures.json manifest (723 entries)"
"premade-card-image","Sukuna's Favorite Wife","","34516","true","04-project-assets/premade-adventures/cards/sukunas-favorite-wife.webp","https://user.uploads.dev/file/0651b64a9a86d2f8e48d003375b8d648.webp","premade-adventures.json manifest (723 entries)"
"premade-card-image","The Hunter's Guest Room","","24220","true","04-project-assets/premade-adventures/cards/the-hunters-guest-room.webp","https://user.uploads.dev/file/ec1610415a64367eac94ce4c5cc11971.webp","premade-adventures.json manifest (723 entries)"
"premade-card-image","The One Who Stayed","","38276","true","04-project-assets/premade-adventures/cards/the-one-who-stayed.webp","https://user.uploads.dev/file/e28feb27b8864756914bdf13043ba9ac.webp","premade-adventures.json manifest (723 entries)"
"premade-card-image","Blurry on Purpose","","46508","true","04-project-assets/premade-adventures/cards/blurry-on-purpose.webp","https://user.uploads.dev/file/d039e83a67be20230a637be1e0c7a35b.webp","premade-adventures.json manifest (723 entries)"
"premade-card-image","Rivals Don't Blush","","38508","true","04-project-assets/premade-adventures/cards/rivals-dont-blush.webp","https://user.uploads.dev/file/b126f5f0b5dd5a9bb28aa84cfa6a1ab6.webp","premade-adventures.json manifest (723 entries)"
"premade-card-image","I Keep Redacting My Crush","","49018","true","04-project-assets/premade-adventures/cards/i-keep-redacting-my-crush.webp","https://user.uploads.dev/file/77b22722088d4b968929fabcbff31623.webp","premade-adventures.json manifest (723 entries)"
"premade-card-image","They Nailed a Door to Me","","37682","true","04-project-assets/premade-adventures/cards/they-nailed-a-door-to-me.webp","https://user.uploads.dev/file/0b3d26990a99975d30676342e26019ab.webp","premade-adventures.json manifest (723 entries)"
"premade-card-image","Anything Can Happen","","49458","true","04-project-assets/premade-adventures/cards/anything-can-happen.webp","https://user.uploads.dev/file/e1489234e6347f45e3cf1723c6f5c20b.webp","premade-adventures.json manifest (723 entries)"
"premade-card-image","The Commission Outlived My Master","","33670","true","04-project-assets/premade-adventures/cards/the-commission-outlived-my-master.webp","https://user.uploads.dev/file/fb613445c7300f28d964a8adbaedf623.webp","premade-adventures.json manifest (723 entries)"
"premade-card-image","The Last Man Wakes","","19412","true","04-project-assets/premade-adventures/cards/the-last-man-wakes.webp","https://user.uploads.dev/file/6e7f316fa7f3e2c4d3caf5ae1f5a93ac.webp","premade-adventures.json manifest (723 entries)"
"premade-card-image","The Rewrite","","31242","true","04-project-assets/premade-adventures/cards/the-rewrite.webp","https://user.uploads.dev/file/e0fffa99345c083f8fc74729a62b6512.webp","premade-adventures.json manifest (723 entries)"
"premade-card-image","The Meanest Girl at Kingsbury","","34280","true","04-project-assets/premade-adventures/cards/the-meanest-girl-at-kingsbury.webp","https://user.uploads.dev/file/59773634309d019637c79fcd118403ea.webp","premade-adventures.json manifest (723 entries)"
"premade-card-image","The Only Man in the Platoon","","26534","true","04-project-assets/premade-adventures/cards/the-only-man-in-the-platoon.webp","https://user.uploads.dev/file/9c8c4a4ce2938b28136d1bb0913dc1da.webp","premade-adventures.json manifest (723 entries)"
"premade-card-image","The Discard","","24042","true","04-project-assets/premade-adventures/cards/the-discard.webp","https://user.uploads.dev/file/db79d406ad1e6de7fafecd553df60494.webp","premade-adventures.json manifest (723 entries)"
"premade-card-image","The Rent Isn't Money Here","","20100","true","04-project-assets/premade-adventures/cards/the-rent-isnt-money-here.webp","https://user.uploads.dev/file/1b15eae4935b32b668fc6e4e71aef25a.webp","premade-adventures.json manifest (723 entries)"
"premade-card-image","My Regulars Sell Out Stadiums","","40026","true","04-project-assets/premade-adventures/cards/my-regulars-sell-out-stadiums.webp","https://user.uploads.dev/file/3b5032178f82ef785cae1fdf4c4551c5.webp","premade-adventures.json manifest (723 entries)"
"premade-card-image","The Beast Still Dots Her I's","","19224","true","04-project-assets/premade-adventures/cards/the-beast-still-dots-her-is.webp","https://user.uploads.dev/file/0c69e4e678eb6ed3d34509964c5fc1a4.webp","premade-adventures.json manifest (723 entries)"
"premade-card-image","You Told Me Everything Already","","25284","true","04-project-assets/premade-adventures/cards/you-told-me-everything-already.webp","https://user.uploads.dev/file/6da0b292d85c4d0ce9a3ea94eaf638b8.webp","premade-adventures.json manifest (723 entries)"
"premade-card-image","Still in the Tutorial","","28068","true","04-project-assets/premade-adventures/cards/still-in-the-tutorial.webp","https://user.uploads.dev/file/bbf9268ae90d35eccffff7092290e72c.webp","premade-adventures.json manifest (723 entries)"
"premade-card-image","The House Key He Never Gave Back","","41972","true","04-project-assets/premade-adventures/cards/the-house-key-he-never-gave-back.webp","https://user.uploads.dev/file/51d84ea11141ecc05bb03b957738dfbf.webp","premade-adventures.json manifest (723 entries)"
"premade-card-image","The Stove Won't Choose a Side","","37916","true","04-project-assets/premade-adventures/cards/the-stove-wont-choose-a-side.webp","https://user.uploads.dev/file/c1da68bf91079e3f0c7e1786a9a79811.webp","premade-adventures.json manifest (723 entries)"
"premade-card-image","The Archmage Takes Two Sugars","","53530","true","04-project-assets/premade-adventures/cards/the-archmage-takes-two-sugars.webp","https://user.uploads.dev/file/4405e5fcd3ba92ff676a4a4e74806979.webp","premade-adventures.json manifest (723 entries)"
"premade-card-image","Muzan Kibutsuji Is Starving","","20292","true","04-project-assets/premade-adventures/cards/muzan-kibutsuji-is-starving.webp","https://user.uploads.dev/file/9bf3d7d1f3ed91399e13eb73c88a5a60.webp","premade-adventures.json manifest (723 entries)"
"premade-card-image","Havoc's Tell","","33492","true","04-project-assets/premade-adventures/cards/havocs-tell.webp","https://user.uploads.dev/file/c0143be208a3f14735f762df34c42c5c.webp","premade-adventures.json manifest (723 entries)"
"premade-card-image","The Duchess in Your Closet","","27268","true","04-project-assets/premade-adventures/cards/the-duchess-in-your-closet.webp","https://user.uploads.dev/file/c44426c7e0dc772a6a1ca14c63a63575.webp","premade-adventures.json manifest (723 entries)"
"premade-card-image","Six Weeks in the Greywater","","20740","true","04-project-assets/premade-adventures/cards/six-weeks-in-the-greywater.webp","https://user.uploads.dev/file/c06304522fd83d027abb5723e24a7cd9.webp","premade-adventures.json manifest (723 entries)"
"premade-card-image","We're Running Out of Skin","","44130","true","04-project-assets/premade-adventures/cards/were-running-out-of-skin.webp","https://user.uploads.dev/file/658d4b284f4568d03282bcc92e92a471.webp","premade-adventures.json manifest (723 entries)"
"premade-card-image","I'm Not the Burglar, Gran Was","","34158","true","04-project-assets/premade-adventures/cards/im-not-the-burglar-gran-was.webp","https://user.uploads.dev/file/32159a15e227e138877b08e04638bae6.webp","premade-adventures.json manifest (723 entries)"
"premade-card-image","The Fairy at Your Door","","34492","true","04-project-assets/premade-adventures/cards/the-fairy-at-your-door.webp","https://user.uploads.dev/file/df55c2d2384bb17535a0b2cf0ffe439f.webp","premade-adventures.json manifest (723 entries)"
"premade-card-image","The Champions Fight Over My Laundry","","47552","true","04-project-assets/premade-adventures/cards/the-champions-fight-over-my-laundry.webp","https://user.uploads.dev/file/7648d3e8c3f57b403c3c55503a5e61b9.webp","premade-adventures.json manifest (723 entries)"
"premade-card-image","The Captain Picks You First","","28946","true","04-project-assets/premade-adventures/cards/the-captain-picks-you-first.webp","https://user.uploads.dev/file/14e6636a73dd2b48fdc3e4ff2300642f.webp","premade-adventures.json manifest (723 entries)"
"premade-card-image","It Asks After Grandma","","25474","true","04-project-assets/premade-adventures/cards/it-asks-after-grandma.webp","https://user.uploads.dev/file/a6fc25c00dbeedb2794c5dea19a7bc6c.webp","premade-adventures.json manifest (723 entries)"
"premade-card-image","Your Bride, Your Enemy","","27794","true","04-project-assets/premade-adventures/cards/your-bride-your-enemy.webp","https://user.uploads.dev/file/656b0f45640e11e231c9164fffaf44f4.webp","premade-adventures.json manifest (723 entries)"
"premade-card-image","No Good Deed","","24778","true","04-project-assets/premade-adventures/cards/no-good-deed.webp","https://user.uploads.dev/file/d8ba234878988336f08d7eaabdc0e1d5.webp","premade-adventures.json manifest (723 entries)"
"premade-card-image","My Sword Outranks the Emperor","","52964","true","04-project-assets/premade-adventures/cards/my-sword-outranks-the-emperor.webp","https://user.uploads.dev/file/1ef463611da78a068fdcb90b2a4c7026.webp","premade-adventures.json manifest (723 entries)"
"premade-card-image","Adopt at Your Own Risk","","37196","true","04-project-assets/premade-adventures/cards/adopt-at-your-own-risk.webp","https://user.uploads.dev/file/6dd815bbab1a7e1d36fd1d2833096c13.webp","premade-adventures.json manifest (723 entries)"
"premade-card-image","The Fog Takes Credit","","30500","true","04-project-assets/premade-adventures/cards/the-fog-takes-credit.webp","https://user.uploads.dev/file/aa7e95cc1cfd39d5586969519f6db5bd.webp","premade-adventures.json manifest (723 entries)"
"premade-card-image","All Our Rooms Are Staged","","22264","true","04-project-assets/premade-adventures/cards/all-our-rooms-are-staged.webp","https://user.uploads.dev/file/227e11fcf3776b26dcb35b10ed204e1d.webp","premade-adventures.json manifest (723 entries)"
"premade-card-image","The Serpent Who Dreams of Ice","","33842","true","04-project-assets/premade-adventures/cards/the-serpent-who-dreams-of-ice.webp","https://user.uploads.dev/file/987006434185b3fee5142dfd6d1d7e88.webp","premade-adventures.json manifest (723 entries)"
"premade-card-image","The Dungeon Rated Me Harmless","","32194","true","04-project-assets/premade-adventures/cards/the-dungeon-rated-me-harmless.webp","https://user.uploads.dev/file/635a2ba63fa6eea140c7a83563389080.webp","premade-adventures.json manifest (723 entries)"
"premade-card-image","Both of Them Know","","20188","true","04-project-assets/premade-adventures/cards/both-of-them-know.webp","https://user.uploads.dev/file/1bb884c187e7b99467ae1ac2fc762228.webp","premade-adventures.json manifest (723 entries)"
"premade-card-image","The Wolfhound Detail","","21846","true","04-project-assets/premade-adventures/cards/the-wolfhound-detail.webp","https://user.uploads.dev/file/7b6828930584e54eaa1e4f9ddfbb8422.webp","premade-adventures.json manifest (723 entries)"
"premade-card-image","They Hanged the Cook","","33438","true","04-project-assets/premade-adventures/cards/they-hanged-the-cook.webp","https://user.uploads.dev/file/1bff2cf8cba66ad97871fc45774304a4.webp","premade-adventures.json manifest (723 entries)"
"premade-card-image","The Maids of Harrowgate Hall","","27582","true","04-project-assets/premade-adventures/cards/the-maids-of-harrowgate-hall.webp","https://user.uploads.dev/file/f248e6871d4ec638cc751ba32d86e64a.webp","premade-adventures.json manifest (723 entries)"
"premade-card-image","Her Face Is on the Money","","57354","true","04-project-assets/premade-adventures/cards/her-face-is-on-the-money.webp","https://user.uploads.dev/file/b82b3fc57ff484aece2b62339e4e0187.webp","premade-adventures.json manifest (723 entries)"
"premade-card-image","The Screaming Creature You Love","","26576","true","04-project-assets/premade-adventures/cards/the-screaming-creature-you-love.webp","https://user.uploads.dev/file/4888df29d9770652da196497436d5ddc.webp","premade-adventures.json manifest (723 entries)"
"premade-card-image","The Oyabun's Daughter","","28192","true","04-project-assets/premade-adventures/cards/the-oyabuns-daughter.webp","https://user.uploads.dev/file/cf0da588fccd04dc00a29185f6f666c8.webp","premade-adventures.json manifest (723 entries)"
"premade-card-image","I Answer in the Captions","","31294","true","04-project-assets/premade-adventures/cards/i-answer-in-the-captions.webp","https://user.uploads.dev/file/0c7c065f8f38a932c3876f855c0040a2.webp","premade-adventures.json manifest (723 entries)"
"premade-card-image","I Let Their Ancestors Win","","53404","true","04-project-assets/premade-adventures/cards/i-let-their-ancestors-win.webp","https://user.uploads.dev/file/d2544686267e9927fd9eb9ad148306fe.webp","premade-adventures.json manifest (723 entries)"
"premade-card-image","Our Chaperone Is Dead","","53294","true","04-project-assets/premade-adventures/cards/our-chaperone-is-dead.webp","https://user.uploads.dev/file/4fc1b05546182f0610bc85e9c20a9a71.webp","premade-adventures.json manifest (723 entries)"
"premade-card-image","Loose Tooth","","33814","true","04-project-assets/premade-adventures/cards/loose-tooth.webp","https://user.uploads.dev/file/8eb1c6ef22dab9f7777049f14590a135.webp","premade-adventures.json manifest (723 entries)"
"premade-card-image","The Wreck Still Calls Me Crew","","31830","true","04-project-assets/premade-adventures/cards/the-wreck-still-calls-me-crew.webp","https://user.uploads.dev/file/dcef96bcc268342ec3033e31efb540d7.webp","premade-adventures.json manifest (723 entries)"
"premade-card-image","The Butcher's Soft Spot","","15568","true","04-project-assets/premade-adventures/cards/the-butchers-soft-spot.webp","https://user.uploads.dev/file/0136270bf127968952f86536d28ef3ce.webp","premade-adventures.json manifest (723 entries)"
"premade-card-image","The Monster They Made","","19862","true","04-project-assets/premade-adventures/cards/the-monster-they-made.webp","https://user.uploads.dev/file/2a18f15d62c2af2a8cf6380c022a5d0c.webp","premade-adventures.json manifest (723 entries)"
"premade-card-image","The Rabbit Won't Step Off","","26592","true","04-project-assets/premade-adventures/cards/the-rabbit-wont-step-off.webp","https://user.uploads.dev/file/ccecc59f701063bb7d607a8c66764b0a.webp","premade-adventures.json manifest (723 entries)"
"premade-card-image","Not Alone on This Frequency","","31582","true","04-project-assets/premade-adventures/cards/not-alone-on-this-frequency.webp","https://user.uploads.dev/file/15c77092735a418e24060dbdc1847fd4.webp","premade-adventures.json manifest (723 entries)"
"premade-card-image","The Marsh King's Hours","","34574","true","04-project-assets/premade-adventures/cards/the-marsh-kings-hours.webp","https://user.uploads.dev/file/2d8d4d223402c8fbd9ad51ed292f4a08.webp","premade-adventures.json manifest (723 entries)"
"premade-card-image","Guest of Honor at Providence Ranch","","25760","true","04-project-assets/premade-adventures/cards/guest-of-honor-at-providence-ranch.webp","https://user.uploads.dev/file/a8939250daed4224bb63e96cb7434102.webp","premade-adventures.json manifest (723 entries)"
"premade-card-image","They Pardoned the Wrong Half","","36178","true","04-project-assets/premade-adventures/cards/they-pardoned-the-wrong-half.webp","https://user.uploads.dev/file/d7e559f00dcbb8b76acacc9d018c5b71.webp","premade-adventures.json manifest (723 entries)"
"premade-card-image","The Window Was Open","","11524","true","04-project-assets/premade-adventures/cards/the-window-was-open.webp","https://user.uploads.dev/file/a3abac06a7043941583063f460085ef1.webp","premade-adventures.json manifest (723 entries)"
"premade-card-image","The Seventh Poison Knows What I Forgot","","17736","true","04-project-assets/premade-adventures/cards/the-seventh-poison-knows-what-i-forgot.webp","https://user.uploads.dev/file/5b92822023d2f3490423ca1d1ebfdf3a.webp","premade-adventures.json manifest (723 entries)"
"premade-card-image","The Devil Wears Pajamas","","34180","true","04-project-assets/premade-adventures/cards/the-devil-wears-pajamas.webp","https://user.uploads.dev/file/6668f8688e2fe3368d735cad1f6ba4d1.webp","premade-adventures.json manifest (723 entries)"
"premade-card-image","The Hundred-Day Bet","","32736","true","04-project-assets/premade-adventures/cards/the-hundred-day-bet.webp","https://user.uploads.dev/file/021576beea7a88154371a147cc5c98c1.webp","premade-adventures.json manifest (723 entries)"
"premade-card-image","The Fall Guy Raised Me","","26304","true","04-project-assets/premade-adventures/cards/the-fall-guy-raised-me.webp","https://user.uploads.dev/file/22c4fade3a336f501536af9fb80070c3.webp","premade-adventures.json manifest (723 entries)"
"premade-card-image","Mean to Everyone But You","","24284","true","04-project-assets/premade-adventures/cards/mean-to-everyone-but-you.webp","https://user.uploads.dev/file/2d1e8cb98b160919b2d2ebf94f174d5f.webp","premade-adventures.json manifest (723 entries)"
"premade-card-image","Hush Money","","19052","true","04-project-assets/premade-adventures/cards/hush-money.webp","https://user.uploads.dev/file/ea0bfd9aa58765fd99160fb327b5d18a.webp","premade-adventures.json manifest (723 entries)"
"premade-card-image","I Survived This Winter Once","","12262","true","04-project-assets/premade-adventures/cards/i-survived-this-winter-once.webp","https://user.uploads.dev/file/2bac568a39cea8a57374fabe9d438bbe.webp","premade-adventures.json manifest (723 entries)"
"premade-card-image","Irresistible (It's a Curse)","","31080","true","04-project-assets/premade-adventures/cards/irresistible-its-a-curse.webp","https://user.uploads.dev/file/40076dd4ab689560dcd246992fcb059b.webp","premade-adventures.json manifest (723 entries)"
"premade-card-image","The Hero Voted No","","19850","true","04-project-assets/premade-adventures/cards/the-hero-voted-no.webp","https://user.uploads.dev/file/2433fda592972f1ea59d8207307023cf.webp","premade-adventures.json manifest (723 entries)"
"premade-card-image","Marvel: Your Origin Story","","41424","true","04-project-assets/premade-adventures/cards/marvel-your-origin-story.webp","https://user.uploads.dev/file/96c71661f3bfecd85328fde5dbb9adc4.webp","premade-adventures.json manifest (723 entries)"
"premade-card-image","The Devotion of Elsie Crane","","18174","true","04-project-assets/premade-adventures/cards/the-devotion-of-elsie-crane.webp","https://user.uploads.dev/file/38b5377d4f2ea06f6c2054f777f6233b.webp","premade-adventures.json manifest (723 entries)"
"premade-card-image","My Sync-Rate Keeps Confessing","","28674","true","04-project-assets/premade-adventures/cards/my-sync-rate-keeps-confessing.webp","https://user.uploads.dev/file/06142aba447f1f34d62c8928f198bd21.webp","premade-adventures.json manifest (723 entries)"
"premade-card-image","I Hold Every Key","","46618","true","04-project-assets/premade-adventures/cards/i-hold-every-key.webp","https://user.uploads.dev/file/667800d164e760d20b5c7c58f3ad421b.webp","premade-adventures.json manifest (723 entries)"
"premade-card-image","I Wake Once a Generation","","44088","true","04-project-assets/premade-adventures/cards/i-wake-once-a-generation.webp","https://user.uploads.dev/file/d94e63d6a27da7fda20bca810998c977.webp","premade-adventures.json manifest (723 entries)"
"premade-card-image","I've Emptied Buildings Like Ours","","53564","true","04-project-assets/premade-adventures/cards/ive-emptied-buildings-like-ours.webp","https://user.uploads.dev/file/5c79e6a175db9a919462b630cf8a21ed.webp","premade-adventures.json manifest (723 entries)"
"premade-card-image","She Remembers It Prettier","","31034","true","04-project-assets/premade-adventures/cards/she-remembers-it-prettier.webp","https://user.uploads.dev/file/80cb216365aa4a6f9df8e5c2b8a29b59.webp","premade-adventures.json manifest (723 entries)"
"premade-card-image","The Pajama Ambush","","28578","true","04-project-assets/premade-adventures/cards/the-pajama-ambush.webp","https://user.uploads.dev/file/c94bc7c9635b8d873f0a601cb93d69ec.webp","premade-adventures.json manifest (723 entries)"
"premade-card-image","I Taught the God to Cheat","","40614","true","04-project-assets/premade-adventures/cards/i-taught-the-god-to-cheat.webp","https://user.uploads.dev/file/ee2673f7f3d2e54602bece2c6d161872.webp","premade-adventures.json manifest (723 entries)"
"premade-card-image","The Ninth Tide Takes the Rest","","20118","true","04-project-assets/premade-adventures/cards/the-ninth-tide-takes-the-rest.webp","https://user.uploads.dev/file/258a294818b3f456296d3437eb6b7cc5.webp","premade-adventures.json manifest (723 entries)"
"premade-card-image","Your Goblin Maid, Regrettably","","26916","true","04-project-assets/premade-adventures/cards/your-goblin-maid-regrettably.webp","https://user.uploads.dev/file/ee9f2275f211862734df615568402e4a.webp","premade-adventures.json manifest (723 entries)"
"premade-card-image","Wren... Likes You... A Lot...","","26456","true","04-project-assets/premade-adventures/cards/wren-likes-you-a-lot.webp","https://user.uploads.dev/file/75572e334dbee784ec158fd2de00b82a.webp","premade-adventures.json manifest (723 entries)"
"premade-card-image","Trophy Husband","","32602","true","04-project-assets/premade-adventures/cards/trophy-husband.webp","https://user.uploads.dev/file/7da6dc96867ef85a4cd215e4b7cb1710.webp","premade-adventures.json manifest (723 entries)"
"premade-card-image","The Knight Doth Protest","","22782","true","04-project-assets/premade-adventures/cards/the-knight-doth-protest.webp","https://user.uploads.dev/file/cd24b59de0c06b99daa4bfb50c6be20d.webp","premade-adventures.json manifest (723 entries)"
"premade-card-image","The Witch Got My Bro","","23414","true","04-project-assets/premade-adventures/cards/the-witch-got-my-bro.webp","https://user.uploads.dev/file/df526583e374b796415c6e60dcfd86e6.webp","premade-adventures.json manifest (723 entries)"
"premade-card-image","The Only One He Listens To","","27920","true","04-project-assets/premade-adventures/cards/the-only-one-he-listens-to.webp","https://user.uploads.dev/file/7202a78a33e7b2ee7ddb8dffb5164290.webp","premade-adventures.json manifest (723 entries)"
"premade-card-image","I Appraised the Warlord as Mediocre","","43484","true","04-project-assets/premade-adventures/cards/i-appraised-the-warlord-as-mediocre.webp","https://user.uploads.dev/file/0642cea0303bf13a6b3469423d93e80d.webp","premade-adventures.json manifest (723 entries)"
"premade-card-image","The Wolf of Solenne","","27566","true","04-project-assets/premade-adventures/cards/the-wolf-of-solenne.webp","https://user.uploads.dev/file/bbd664c6d1721dc6fdfb2ca1bd7eedb2.webp","premade-adventures.json manifest (723 entries)"
"premade-card-image","Drinks With the Warlord's Daughter","","31214","true","04-project-assets/premade-adventures/cards/drinks-with-the-warlords-daughter.webp","https://user.uploads.dev/file/fc44260aae710c78e6838a6952383e9f.webp","premade-adventures.json manifest (723 entries)"
"premade-card-image","come get me. please.","","23724","true","04-project-assets/premade-adventures/cards/come-get-me-please.webp","https://user.uploads.dev/file/a104201883dde1c80e2c001fba865a60.webp","premade-adventures.json manifest (723 entries)"
"premade-card-image","The Woman Next Door","","18804","true","04-project-assets/premade-adventures/cards/the-woman-next-door.webp","https://user.uploads.dev/file/074b043718b02d89238760929a481d08.webp","premade-adventures.json manifest (723 entries)"
"premade-card-image","'Til Spite Do Us Part","","43506","true","04-project-assets/premade-adventures/cards/til-spite-do-us-part.webp","https://user.uploads.dev/file/57c5a829465abe3be1cb29423c11eea0.webp","premade-adventures.json manifest (723 entries)"
"premade-card-image","I Drew These Streets","","37374","true","04-project-assets/premade-adventures/cards/i-drew-these-streets.webp","https://user.uploads.dev/file/6bcd15c2ce6ed74a54a4b28f9319965a.webp","premade-adventures.json manifest (723 entries)"
"premade-card-image","The Party That Came Back Wrong","","22178","true","04-project-assets/premade-adventures/cards/the-party-that-came-back-wrong.webp","https://user.uploads.dev/file/e347ca95ff2a842144f6789025cf9e23.webp","premade-adventures.json manifest (723 entries)"
"premade-card-image","Sixty Nights at Halloway House","","28202","true","04-project-assets/premade-adventures/cards/sixty-nights-at-halloway-house.webp","https://user.uploads.dev/file/5ec45ad9bdc688489cafc60673155ebc.webp","premade-adventures.json manifest (723 entries)"
"premade-card-image","The Dragon Writes on Thursdays","","35574","true","04-project-assets/premade-adventures/cards/the-dragon-writes-on-thursdays.webp","https://user.uploads.dev/file/db4341a15e2d6483d17d257f28bb114b.webp","premade-adventures.json manifest (723 entries)"
"premade-card-image","Full Marks Means He Dies","","59872","true","04-project-assets/premade-adventures/cards/full-marks-means-he-dies.webp","https://user.uploads.dev/file/81cde7c553bf5f3f8480d0a7a3e072b1.webp","premade-adventures.json manifest (723 entries)"
"premade-card-image","The Prize Won't Split","","43480","true","04-project-assets/premade-adventures/cards/the-prize-wont-split.webp","https://user.uploads.dev/file/510bceed2bff3b2b8bd6471b83bc00d3.webp","premade-adventures.json manifest (723 entries)"
"premade-card-image","A Good Rabbit","","21188","true","04-project-assets/premade-adventures/cards/a-good-rabbit.webp","https://user.uploads.dev/file/e9a80b9fb6d3ade771f52869b45f03b9.webp","premade-adventures.json manifest (723 entries)"
"premade-card-image","No Dinner Tonight. Sorry.","","26940","true","04-project-assets/premade-adventures/cards/no-dinner-tonight-sorry.webp","https://user.uploads.dev/file/9de0a327eb1d11ed6046a96521ead2fe.webp","premade-adventures.json manifest (723 entries)"
"premade-card-image","The Walls Are Taking Notes","","19700","true","04-project-assets/premade-adventures/cards/the-walls-are-taking-notes.webp","https://user.uploads.dev/file/65e1bbdba979ae028f724ba281f7f0b7.webp","premade-adventures.json manifest (723 entries)"
"premade-card-image","The Snow Leopard's Keeper","","29938","true","04-project-assets/premade-adventures/cards/the-snow-leopards-keeper.webp","https://user.uploads.dev/file/c5d8eccfe2f477e878b7dd147bd342d1.webp","premade-adventures.json manifest (723 entries)"
"premade-card-image","Golden Boy","","17614","true","04-project-assets/premade-adventures/cards/golden-boy.webp","https://user.uploads.dev/file/bb940af423d12bf1ea8de8db334203b3.webp","premade-adventures.json manifest (723 entries)"
"premade-card-image","Subject Six","","20156","true","04-project-assets/premade-adventures/cards/subject-six.webp","https://user.uploads.dev/file/7390995a0390d905d65c3b898c12b7a4.webp","premade-adventures.json manifest (723 entries)"
"premade-card-image","Five Names in Chalk","","27558","true","04-project-assets/premade-adventures/cards/five-names-in-chalk.webp","https://user.uploads.dev/file/dd0090b10e1e3253f5efed2d050a7017.webp","premade-adventures.json manifest (723 entries)"
"premade-card-image","Sidekick to the City's Worst Hero","","33838","true","04-project-assets/premade-adventures/cards/sidekick-to-the-citys-worst-hero.webp","https://user.uploads.dev/file/b7bc94d3801ab3ae12e1d12ea58b1681.webp","premade-adventures.json manifest (723 entries)"
"premade-card-image","She's Not on the Manifest","","40066","true","04-project-assets/premade-adventures/cards/shes-not-on-the-manifest.webp","https://user.uploads.dev/file/2d9d7ef22debb3c3e61303c8b9381981.webp","premade-adventures.json manifest (723 entries)"
"premade-card-image","The Bottle Lands on You","","26494","true","04-project-assets/premade-adventures/cards/the-bottle-lands-on-you.webp","https://user.uploads.dev/file/42ce1025d02413080e256ffaaf0f1f14.webp","premade-adventures.json manifest (723 entries)"
"premade-card-image","Voss Doesn't Ask Twice","","22518","true","04-project-assets/premade-adventures/cards/voss-doesnt-ask-twice.webp","https://user.uploads.dev/file/ff7b0b02a75f4d4aa0f5858f80e48690.webp","premade-adventures.json manifest (723 entries)"
"premade-card-image","Gremlin-Sitting for the Rich","","27616","true","04-project-assets/premade-adventures/cards/gremlin-sitting-for-the-rich.webp","https://user.uploads.dev/file/3bb8ca2e19a030ca03cd6ad6071f0b57.webp","premade-adventures.json manifest (723 entries)"
"premade-card-image","Leverage, Baby","","30300","true","04-project-assets/premade-adventures/cards/leverage-baby.webp","https://user.uploads.dev/file/f2b4996d1578d4d1412dafce2b92c2ac.webp","premade-adventures.json manifest (723 entries)"
"premade-card-image","I Keep What I'm Sent to Burn","","21240","true","04-project-assets/premade-adventures/cards/i-keep-what-im-sent-to-burn.webp","https://user.uploads.dev/file/2a550d5f486103640d834ced5cecba6e.webp","premade-adventures.json manifest (723 entries)"
"premade-card-image","I Collect at the Crescendo","","30510","true","04-project-assets/premade-adventures/cards/i-collect-at-the-crescendo.webp","https://user.uploads.dev/file/df2102bc15a4a97a3e29ca65a2c15519.webp","premade-adventures.json manifest (723 entries)"
"premade-card-image","Catnip Kingpin","","37098","true","04-project-assets/premade-adventures/cards/catnip-kingpin.webp","https://user.uploads.dev/file/4056322b70e286f925510e86170918bb.webp","premade-adventures.json manifest (723 entries)"
"premade-card-image","The Long Shot Adventuring Agency","","30398","true","04-project-assets/premade-adventures/cards/the-long-shot-adventuring-agency.webp","https://user.uploads.dev/file/9050508d38589fccd10c358ab6a0a5f1.webp","premade-adventures.json manifest (723 entries)"
"premade-card-image","Every Legend Owes Me Rent","","53972","true","04-project-assets/premade-adventures/cards/every-legend-owes-me-rent.webp","https://user.uploads.dev/file/320829938e4ad5472dade792841e78b7.webp","premade-adventures.json manifest (723 entries)"
"premade-card-image","Nao of Benitori Alley","","25666","true","04-project-assets/premade-adventures/cards/nao-of-benitori-alley.webp","https://user.uploads.dev/file/1164077b111e84dd972653ec3d736e7d.webp","premade-adventures.json manifest (723 entries)"
"premade-card-image","Your Worthless Dragon Maid","","27298","true","04-project-assets/premade-adventures/cards/your-worthless-dragon-maid.webp","https://user.uploads.dev/file/6e7e014d14a12ef50ad2eee01474c0e1.webp","premade-adventures.json manifest (723 entries)"
"premade-card-image","Write Me Up After Your Shift","","38164","true","04-project-assets/premade-adventures/cards/write-me-up-after-your-shift.webp","https://user.uploads.dev/file/f87b025674f591a291a2d7592708b826.webp","premade-adventures.json manifest (723 entries)"
"premade-card-image","They Hired Their Ghost","","32436","true","04-project-assets/premade-adventures/cards/they-hired-their-ghost.webp","https://user.uploads.dev/file/80cd5551e9c809466d292fb17455a58d.webp","premade-adventures.json manifest (723 entries)"
"premade-card-image","Good Cop, Bad Cop, Dead World","","40026","true","04-project-assets/premade-adventures/cards/good-cop-bad-cop-dead-world.webp","https://user.uploads.dev/file/a5e898c4741fc2c94a5cff32bb745b1f.webp","premade-adventures.json manifest (723 entries)"
"premade-card-image","Villain Rehab: Class 3-A","","34840","true","04-project-assets/premade-adventures/cards/villain-rehab-class-3-a.webp","https://user.uploads.dev/file/bceb0d9313619ca1341cb12fb517a971.webp","premade-adventures.json manifest (723 entries)"
"premade-card-image","The Jinx Sits Next to You","","28338","true","04-project-assets/premade-adventures/cards/the-jinx-sits-next-to-you.webp","https://user.uploads.dev/file/d23254732725fd4c843cef0ca304e5d2.webp","premade-adventures.json manifest (723 entries)"
"premade-card-image","I Booked the Moon for My Encore","","43034","true","04-project-assets/premade-adventures/cards/i-booked-the-moon-for-my-encore.webp","https://user.uploads.dev/file/fb165bfdbca08ce7817fdfbbd238e995.webp","premade-adventures.json manifest (723 entries)"
"premade-card-image","Only One of Us Is Sorry","","26250","true","04-project-assets/premade-adventures/cards/only-one-of-us-is-sorry.webp","https://user.uploads.dev/file/74a8021c0b97b5eac0f627e7a6180442.webp","premade-adventures.json manifest (723 entries)"
"premade-card-image","Juno Doesn't Knock","","31338","true","04-project-assets/premade-adventures/cards/juno-doesnt-knock.webp","https://user.uploads.dev/file/81ba77f6196284c2670f2df95f6bc118.webp","premade-adventures.json manifest (723 entries)"
"premade-card-image","What the General Keeps","","22966","true","04-project-assets/premade-adventures/cards/what-the-general-keeps.webp","https://user.uploads.dev/file/770b0256805b07889419f5643ff6f870.webp","premade-adventures.json manifest (723 entries)"
"premade-card-image","Third Night This Week","","23286","true","04-project-assets/premade-adventures/cards/third-night-this-week.webp","https://user.uploads.dev/file/2aec487144a74a0b48538a8cfa239457.webp","premade-adventures.json manifest (723 entries)"
"premade-card-image","Court of the Drowned Star","","24840","true","04-project-assets/premade-adventures/cards/court-of-the-drowned-star.webp","https://user.uploads.dev/file/312c2c8e8972a090d706fc6e3e016698.webp","premade-adventures.json manifest (723 entries)"
"premade-card-image","The Serpent Who Starves","","30916","true","04-project-assets/premade-adventures/cards/the-serpent-who-starves.webp","https://user.uploads.dev/file/7495115cd573c670c3a511d14e94c6e3.webp","premade-adventures.json manifest (723 entries)"
"premade-card-image","I File Her Under Pending","","28182","true","04-project-assets/premade-adventures/cards/i-file-her-under-pending.webp","https://user.uploads.dev/file/b555e540e6e4e840657cd59886c1db55.webp","premade-adventures.json manifest (723 entries)"
"premade-card-image","The Fairy Who Ate Your Cherries","","38902","true","04-project-assets/premade-adventures/cards/the-fairy-who-ate-your-cherries.webp","https://user.uploads.dev/file/b07612f918559ea239ab68bcf8cfd039.webp","premade-adventures.json manifest (723 entries)"
"premade-card-image","My Seating Chart Is Foreign Policy","","43556","true","04-project-assets/premade-adventures/cards/my-seating-chart-is-foreign-policy.webp","https://user.uploads.dev/file/8100ee3399d7ff6970dadd4541bf308a.webp","premade-adventures.json manifest (723 entries)"
"premade-card-image","Sulfur & Coffee","","32488","true","04-project-assets/premade-adventures/cards/sulfur-coffee.webp","https://user.uploads.dev/file/04241b3f3f17b3ea3a5619cab8d76ae2.webp","premade-adventures.json manifest (723 entries)"
"premade-card-image","The Gem Rated Me Snack Duty","","45158","true","04-project-assets/premade-adventures/cards/the-gem-rated-me-snack-duty.webp","https://user.uploads.dev/file/eb87a3427fad94ef414069cf33905baf.webp","premade-adventures.json manifest (723 entries)"
"premade-card-image","The Somatic Registry","","22556","true","04-project-assets/premade-adventures/cards/the-somatic-registry.webp","https://user.uploads.dev/file/34cc400907701abe3784995d4bc4658c.webp","premade-adventures.json manifest (723 entries)"
"premade-card-image","Iron Rose of Ardenholt","","27078","true","04-project-assets/premade-adventures/cards/iron-rose-of-ardenholt.webp","https://user.uploads.dev/file/03b750202a5df642fd121a11a865188a.webp","premade-adventures.json manifest (723 entries)"
"premade-card-image","In Name Only","","19370","true","04-project-assets/premade-adventures/cards/in-name-only.webp","https://user.uploads.dev/file/d448b50f0b3f7c1bb17f27a6a0808024.webp","premade-adventures.json manifest (723 entries)"
"premade-card-image","I Steer Where the Liar Points","","29778","true","04-project-assets/premade-adventures/cards/i-steer-where-the-liar-points.webp","https://user.uploads.dev/file/85f483a81293fd7914df798174bf1c6e.webp","premade-adventures.json manifest (723 entries)"
"premade-card-image","They Split Rent (and the Bodies)","","29298","true","04-project-assets/premade-adventures/cards/they-split-rent-and-the-bodies.webp","https://user.uploads.dev/file/109ee41ce10a334fac5afdefd1c00948.webp","premade-adventures.json manifest (723 entries)"
"premade-card-image","Cracks in the Promise Ring","","19274","true","04-project-assets/premade-adventures/cards/cracks-in-the-promise-ring.webp","https://user.uploads.dev/file/897c0ee9c33e49abca7abf0b0430dc4d.webp","premade-adventures.json manifest (723 entries)"
"premade-card-image","Hired to Watch Him Die","","21740","true","04-project-assets/premade-adventures/cards/hired-to-watch-him-die.webp","https://user.uploads.dev/file/4807c72d0fa512d2ee5c1cb6a4ed6216.webp","premade-adventures.json manifest (723 entries)"
"premade-card-image","The Burnout and the Legacy","","43034","true","04-project-assets/premade-adventures/cards/the-burnout-and-the-legacy.webp","https://user.uploads.dev/file/b39008119a04aa08f3fb542349669885.webp","premade-adventures.json manifest (723 entries)"
"premade-card-image","Only My Enemy Remembers Me","","30262","true","04-project-assets/premade-adventures/cards/only-my-enemy-remembers-me.webp","https://user.uploads.dev/file/7868620e4e866430e78a398c5a7d8eba.webp","premade-adventures.json manifest (723 entries)"
"premade-card-image","The Understudy","","21796","true","04-project-assets/premade-adventures/cards/the-understudy.webp","https://user.uploads.dev/file/c7c1283695024f61485a8fdc85e40907.webp","premade-adventures.json manifest (723 entries)"
"premade-card-image","The Whole Sect Is Cultivating Wrong","","36322","true","04-project-assets/premade-adventures/cards/the-whole-sect-is-cultivating-wrong.webp","https://user.uploads.dev/file/0ed686971f709aec4ba91e6e45de49ab.webp","premade-adventures.json manifest (723 entries)"
"premade-card-image","Feed the Starter","","42912","true","04-project-assets/premade-adventures/cards/feed-the-starter.webp","https://user.uploads.dev/file/0a426b72d52720b308a7858765c3b3dd.webp","premade-adventures.json manifest (723 entries)"
"premade-card-image","Leave Me Be","","22314","true","04-project-assets/premade-adventures/cards/leave-me-be.webp","https://user.uploads.dev/file/bebd614b51a88a64d90c194cdf817028.webp","premade-adventures.json manifest (723 entries)"
"premade-card-image","Ten Weeks with @hexpilled","","33776","true","04-project-assets/premade-adventures/cards/ten-weeks-with-hexpilled.webp","https://user.uploads.dev/file/8844b1f7cf1ab4ac67ffb8fe3dd42816.webp","premade-adventures.json manifest (723 entries)"
"premade-card-image","He Summoned You Out of Boredom","","33230","true","04-project-assets/premade-adventures/cards/he-summoned-you-out-of-boredom.webp","https://user.uploads.dev/file/2cc2431a604e07fed01626967c242dbd.webp","premade-adventures.json manifest (723 entries)"
"premade-card-image","Till Undeath Do Us Part","","14528","true","04-project-assets/premade-adventures/cards/till-undeath-do-us-part.webp","https://user.uploads.dev/file/986890934ef5f8e42e324aaef73b21da.webp","premade-adventures.json manifest (723 entries)"
"premade-card-image","Jealous, Моё Сердце?","","28094","true","04-project-assets/premade-adventures/cards/jealous.webp","https://user.uploads.dev/file/3153ace24329102dfa02d80c758b176b.webp","premade-adventures.json manifest (723 entries)"
"premade-card-image","The Height of the Promise","","27230","true","04-project-assets/premade-adventures/cards/the-height-of-the-promise.webp","https://user.uploads.dev/file/c1c2aaeab5e311ddaf4de3b75d3d8d81.webp","premade-adventures.json manifest (723 entries)"
"premade-card-image","Locked In With Bree Sinclair","","40528","true","04-project-assets/premade-adventures/cards/locked-in-with-bree-sinclair.webp","https://user.uploads.dev/file/fab12284d59ebb8f99a7b1bb8aff239e.webp","premade-adventures.json manifest (723 entries)"
"premade-card-image","Closer Than a Friend","","24650","true","04-project-assets/premade-adventures/cards/closer-than-a-friend.webp","https://user.uploads.dev/file/d380bb1403e90b8de159c46abac3160e.webp","premade-adventures.json manifest (723 entries)"
"premade-card-image","Glory to Mankind","","31918","true","04-project-assets/premade-adventures/cards/glory-to-mankind.webp","https://user.uploads.dev/file/12d80b5dcbef85d501536fbb1f033851.webp","premade-adventures.json manifest (723 entries)"
"premade-card-image","Delete. Every. Single. One.","","22724","true","04-project-assets/premade-adventures/cards/delete-every-single-one.webp","https://user.uploads.dev/file/87fdc0fc3f1d0cbefe0adb61f7606bbd.webp","premade-adventures.json manifest (723 entries)"
"premade-card-image","You CC'd Me on Everything","","36412","true","04-project-assets/premade-adventures/cards/you-ccd-me-on-everything.webp","https://user.uploads.dev/file/5fb3448f3c9dc5553eb93236d60a5e45.webp","premade-adventures.json manifest (723 entries)"
"premade-card-image","The Slipper Never Misses","","30092","true","04-project-assets/premade-adventures/cards/the-slipper-never-misses.webp","https://user.uploads.dev/file/44056e356c4f445ab197cf25342d5c55.webp","premade-adventures.json manifest (723 entries)"
"premade-card-image","Zelda, the Light Dragon","","41056","true","04-project-assets/premade-adventures/cards/zelda-the-light-dragon.webp","https://user.uploads.dev/file/2b59342a5bfb45d5240b38c2be9dd1ef.webp","premade-adventures.json manifest (723 entries)"
"premade-card-image","Cult of You","","28436","true","04-project-assets/premade-adventures/cards/cult-of-you.webp","https://user.uploads.dev/file/234424b3c31a74f2f0a592518ce66c60.webp","premade-adventures.json manifest (723 entries)"
"premade-card-image","Leave My Boyfriend Alone","","29958","true","04-project-assets/premade-adventures/cards/leave-my-boyfriend-alone.webp","https://user.uploads.dev/file/daef5d00c84f98e15729e4ac2d05edf4.webp","premade-adventures.json manifest (723 entries)"
"premade-card-image","The Unclassifiable Familiar","","27374","true","04-project-assets/premade-adventures/cards/the-unclassifiable-familiar.webp","https://user.uploads.dev/file/cab04a2bdd05f30041694266c4b6554b.webp","premade-adventures.json manifest (723 entries)"
"premade-card-image","Gold Digger, Allegedly","","29078","true","04-project-assets/premade-adventures/cards/gold-digger-allegedly.webp","https://user.uploads.dev/file/2b5e06c59358570db270767b069b6e59.webp","premade-adventures.json manifest (723 entries)"
"premade-card-image","One More Night, Then He's Gone","","22342","true","04-project-assets/premade-adventures/cards/one-more-night-then-hes-gone.webp","https://user.uploads.dev/file/d6d14e9ea9e316c8e0a20c8f18fa4a98.webp","premade-adventures.json manifest (723 entries)"
"premade-card-image","Spoils of War","","21872","true","04-project-assets/premade-adventures/cards/spoils-of-war.webp","https://user.uploads.dev/file/5f6c96091d143ebb8a5a07d5291fdf79.webp","premade-adventures.json manifest (723 entries)"
"premade-card-image","Marshmallow From the Low Manors","","34170","true","04-project-assets/premade-adventures/cards/marshmallow-from-the-low-manors.webp","https://user.uploads.dev/file/7e08385f24eb862434eadf73850939d6.webp","premade-adventures.json manifest (723 entries)"
"premade-card-image","The Leopard You Couldn't Return","","24800","true","04-project-assets/premade-adventures/cards/the-leopard-you-couldnt-return.webp","https://user.uploads.dev/file/7a97be0afee6984daf972c8e4b2261c4.webp","premade-adventures.json manifest (723 entries)"
"premade-card-image","The Charity Case","","26816","true","04-project-assets/premade-adventures/cards/the-charity-case.webp","https://user.uploads.dev/file/80d0ef9c22779445c87a79350de7e9f3.webp","premade-adventures.json manifest (723 entries)"
"premade-card-image","Nothing Resets","","26844","true","04-project-assets/premade-adventures/cards/nothing-resets.webp","https://user.uploads.dev/file/6a11cdc39f8725b3c920794d6d1a5aef.webp","premade-adventures.json manifest (723 entries)"
"premade-card-image","Ask Me Under Oath","","41782","true","04-project-assets/premade-adventures/cards/ask-me-under-oath.webp","https://user.uploads.dev/file/dd19a71f4dfda5bdd19a2a64d7babafb.webp","premade-adventures.json manifest (723 entries)"
"premade-card-image","She Definitely Doesn't Hate You","","23790","true","04-project-assets/premade-adventures/cards/she-definitely-doesnt-hate-you.webp","https://user.uploads.dev/file/d055a933fc73a81e0d90964d2b62e749.webp","premade-adventures.json manifest (723 entries)"
"premade-card-image","The Beast in Your Basement","","19016","true","04-project-assets/premade-adventures/cards/the-beast-in-your-basement.webp","https://user.uploads.dev/file/18d808cc14d9d62098daf727c7877e4e.webp","premade-adventures.json manifest (723 entries)"
"premade-card-image","Our Sponsor Ate the Itinerary","","57672","true","04-project-assets/premade-adventures/cards/our-sponsor-ate-the-itinerary.webp","https://user.uploads.dev/file/a60ac84f34faaaf490befb39d558ccbf.webp","premade-adventures.json manifest (723 entries)"
"premade-card-image","My Date Counts My Scars","","41972","true","04-project-assets/premade-adventures/cards/my-date-counts-my-scars.webp","https://user.uploads.dev/file/76ddbff6cfb075965c12a6aebfbf22ee.webp","premade-adventures.json manifest (723 entries)"
"premade-card-image","The Bear of the Glasscane","","37780","true","04-project-assets/premade-adventures/cards/the-bear-of-the-glasscane.webp","https://user.uploads.dev/file/e49b62e8a5eeca51f987cc10d8a1c0a3.webp","premade-adventures.json manifest (723 entries)"
"premade-card-image","One Bed, Two Enemies","","22680","true","04-project-assets/premade-adventures/cards/one-bed-two-enemies.webp","https://user.uploads.dev/file/d38e92bc629dd79883da77b1cd5b4415.webp","premade-adventures.json manifest (723 entries)"
"premade-card-image","Sorry, Darlin'","","29686","true","04-project-assets/premade-adventures/cards/sorry-darlin.webp","https://user.uploads.dev/file/cee8787c382e26f03c52749e06e75b91.webp","premade-adventures.json manifest (723 entries)"
"premade-card-image","The Wayfarers' Charter","","31330","true","04-project-assets/premade-adventures/cards/the-wayfarers-charter.webp","https://user.uploads.dev/file/0d9d4c7ea7b522cbb06d519f19a679e3.webp","premade-adventures.json manifest (723 entries)"
"premade-card-image","The Wrong Side of Cole Kessler","","25584","true","04-project-assets/premade-adventures/cards/the-wrong-side-of-cole-kessler.webp","https://user.uploads.dev/file/f0528cc24bff9e0388e457c203d0720d.webp","premade-adventures.json manifest (723 entries)"
"premade-card-image","Ask the One We Drowned","","29802","true","04-project-assets/premade-adventures/cards/ask-the-one-we-drowned.webp","https://user.uploads.dev/file/8b02f3d78fafa34b46a1efbeea93d30c.webp","premade-adventures.json manifest (723 entries)"
"premade-card-image","Bedtime Is Before the Murder","","30624","true","04-project-assets/premade-adventures/cards/bedtime-is-before-the-murder.webp","https://user.uploads.dev/file/749b9ea90a34fc210ae1bcf19e9901c1.webp","premade-adventures.json manifest (723 entries)"
"premade-card-image","The Duke Wanted a Son","","11228","true","04-project-assets/premade-adventures/cards/the-duke-wanted-a-son.webp","https://user.uploads.dev/file/94568ddeb562d64ffcaf84e64c6f7274.webp","premade-adventures.json manifest (723 entries)"
"premade-card-image","The New Variable","","37458","true","04-project-assets/premade-adventures/cards/the-new-variable.webp","https://user.uploads.dev/file/49ebdffa80124591139fa7082a666095.webp","premade-adventures.json manifest (723 entries)"
"premade-card-image","Homestay at the Crane Bath","","30472","true","04-project-assets/premade-adventures/cards/homestay-at-the-crane-bath.webp","https://user.uploads.dev/file/e4c53ff2f5fa07d34e6038c6f107f724.webp","premade-adventures.json manifest (723 entries)"
"premade-card-image","The Garden Demands a Coronet","","72074","true","04-project-assets/premade-adventures/cards/the-garden-demands-a-coronet.webp","https://user.uploads.dev/file/c164ea9775a260eecf177f31d83b9a2e.webp","premade-adventures.json manifest (723 entries)"
"premade-card-image","She Idles at Three Percent","","29840","true","04-project-assets/premade-adventures/cards/she-idles-at-three-percent.webp","https://user.uploads.dev/file/11cd4a66af6e6fcfcdee18b265ef596f.webp","premade-adventures.json manifest (723 entries)"
"premade-card-image","My Patient Ate Your Masterpiece","","55864","true","04-project-assets/premade-adventures/cards/my-patient-ate-your-masterpiece.webp","https://user.uploads.dev/file/6ee6fde83542e10567d9ec764492230b.webp","premade-adventures.json manifest (723 entries)"
"premade-card-image","The New Butler Has a Body Count","","20276","true","04-project-assets/premade-adventures/cards/the-new-butler-has-a-body-count.webp","https://user.uploads.dev/file/83aecee4da2c5581dacf5242a6e1e53b.webp","premade-adventures.json manifest (723 entries)"
"premade-card-image","The Houseguest","","21992","true","04-project-assets/premade-adventures/cards/the-houseguest.webp","https://user.uploads.dev/file/5d36000b946be7c30219a6e5e6f8ed40.webp","premade-adventures.json manifest (723 entries)"
"premade-card-image","First Place, Public Enemy","","34806","true","04-project-assets/premade-adventures/cards/first-place-public-enemy.webp","https://user.uploads.dev/file/e0560afb8392d95b5c5312a218d122d6.webp","premade-adventures.json manifest (723 entries)"
"premade-card-image","We Built a Language to Lie In","","22570","true","04-project-assets/premade-adventures/cards/we-built-a-language-to-lie-in.webp","https://user.uploads.dev/file/859f99c7f3cd19d71d02da8b95a11853.webp","premade-adventures.json manifest (723 entries)"
"premade-card-image","Room 206: The Vampire Problem","","25510","true","04-project-assets/premade-adventures/cards/room-206-the-vampire-problem.webp","https://user.uploads.dev/file/4d9eaec2d6c953973ccabc65d27da050.webp","premade-adventures.json manifest (723 entries)"
"premade-card-image","Your Deathless Shadow","","23802","true","04-project-assets/premade-adventures/cards/your-deathless-shadow.webp","https://user.uploads.dev/file/219031cf4ca6914ef5ca8dc92bccadf1.webp","premade-adventures.json manifest (723 entries)"
"premade-card-image","Welcome to the Grinder","","26832","true","04-project-assets/premade-adventures/cards/welcome-to-the-grinder.webp","https://user.uploads.dev/file/d2e148b92168dd25d2cd348ee217fe03.webp","premade-adventures.json manifest (723 entries)"
"premade-card-image","You Married the Mafia","","48948","true","04-project-assets/premade-adventures/cards/you-married-the-mafia.webp","https://user.uploads.dev/file/38056cad08d18541ee18061d0d036b3e.webp","premade-adventures.json manifest (723 entries)"
"premade-card-image","My Executioners Pack My Lunch","","27454","true","04-project-assets/premade-adventures/cards/my-executioners-pack-my-lunch.webp","https://user.uploads.dev/file/878d9a757b806a3bcfa91b53397b134b.webp","premade-adventures.json manifest (723 entries)"
"premade-card-image","Queen Bee, Contained","","23906","true","04-project-assets/premade-adventures/cards/queen-bee-contained.webp","https://user.uploads.dev/file/fffd3a099e7eeb79aa9992574596cfd6.webp","premade-adventures.json manifest (723 entries)"
"premade-card-image","I Only Take the Minutes","","25806","true","04-project-assets/premade-adventures/cards/i-only-take-the-minutes.webp","https://user.uploads.dev/file/612381cbf1a4a9ebd0954e9e3090ae2c.webp","premade-adventures.json manifest (723 entries)"
"premade-card-image","Ten Doors Down","","21374","true","04-project-assets/premade-adventures/cards/ten-doors-down.webp","https://user.uploads.dev/file/ccea69a8fe58e8e34f868b71cedbc791.webp","premade-adventures.json manifest (723 entries)"
"premade-card-image","The Palace Is Full of Fakes","","36768","true","04-project-assets/premade-adventures/cards/the-palace-is-full-of-fakes.webp","https://user.uploads.dev/file/f6755ee864011e2e21b257fe12b477b5.webp","premade-adventures.json manifest (723 entries)"
"premade-card-image","Trueborn","","25458","true","04-project-assets/premade-adventures/cards/trueborn.webp","https://user.uploads.dev/file/15a80a2c700c2221dedc74f8c4807e6f.webp","premade-adventures.json manifest (723 entries)"
"premade-card-image","Her Sketchbook Is Full of You","","29510","true","04-project-assets/premade-adventures/cards/her-sketchbook-is-full-of-you.webp","https://user.uploads.dev/file/333dad4656eb5f781169b9c343801e79.webp","premade-adventures.json manifest (723 entries)"
"premade-card-image","The Bazaar of Everything That Breathes","","28316","true","04-project-assets/premade-adventures/cards/the-bazaar-of-everything-that-breathes.webp","https://user.uploads.dev/file/b1d7017d11af41d4a86ba1a2eaba32f2.webp","premade-adventures.json manifest (723 entries)"
"premade-card-image","Stand and Deliver (Badly)","","46014","true","04-project-assets/premade-adventures/cards/stand-and-deliver-badly.webp","https://user.uploads.dev/file/efc2376b5513c12acff2c5eefaaf19ac.webp","premade-adventures.json manifest (723 entries)"
"premade-card-image","Totally Platonic, Obviously","","42762","true","04-project-assets/premade-adventures/cards/totally-platonic-obviously.webp","https://user.uploads.dev/file/95e6924f8b2753982f021cc6b07b23d1.webp","premade-adventures.json manifest (723 entries)"
"premade-card-image","Betrothed by Royal Decree","","37112","true","04-project-assets/premade-adventures/cards/betrothed-by-royal-decree.webp","https://user.uploads.dev/file/38650b51518feda336f3bf2916a46a0c.webp","premade-adventures.json manifest (723 entries)"
"premade-card-image","Freeloader Fox","","26328","true","04-project-assets/premade-adventures/cards/freeloader-fox.webp","https://user.uploads.dev/file/522452cb7411aa8122a776a56b5823d2.webp","premade-adventures.json manifest (723 entries)"
"premade-card-image","The Terror of Brinewall Beach","","23494","true","04-project-assets/premade-adventures/cards/the-terror-of-brinewall-beach.webp","https://user.uploads.dev/file/09a0698c226905bef5f5910b8cf2a56a.webp","premade-adventures.json manifest (723 entries)"
"premade-card-image","Your Goth Roommate Hates You","","27660","true","04-project-assets/premade-adventures/cards/your-goth-roommate-hates-you.webp","https://user.uploads.dev/file/dbcf651a8c8622b9659a9ffaf2ec9573.webp","premade-adventures.json manifest (723 entries)"
"premade-card-image","The Two of Them, and You","","34930","true","04-project-assets/premade-adventures/cards/the-two-of-them-and-you.webp","https://user.uploads.dev/file/9319bb3bee8572275fd94162fa3cbcba.webp","premade-adventures.json manifest (723 entries)"
"premade-card-image","The Lorelei Gene","","28228","true","04-project-assets/premade-adventures/cards/the-lorelei-gene.webp","https://user.uploads.dev/file/aabcfdbdbebd4c3fc2d5a7871ee0a8fd.webp","premade-adventures.json manifest (723 entries)"
"premade-card-image","The Fox of the Gilded Watch","","30652","true","04-project-assets/premade-adventures/cards/the-fox-of-the-gilded-watch.webp","https://user.uploads.dev/file/9f10d2c71831ee715408fc8e04aecec5.webp","premade-adventures.json manifest (723 entries)"
"premade-card-image","You Smell Like Trouble","","40912","true","04-project-assets/premade-adventures/cards/you-smell-like-trouble.webp","https://user.uploads.dev/file/a53881c074c564d23ae50d634bf9b16d.webp","premade-adventures.json manifest (723 entries)"
"premade-card-image","Hellhound, Housebroken","","46816","true","04-project-assets/premade-adventures/cards/hellhound-housebroken.webp","https://user.uploads.dev/file/b34ec5632cd9318e2f809f485db3116c.webp","premade-adventures.json manifest (723 entries)"
"premade-card-image","Two Left on Valentine's","","33292","true","04-project-assets/premade-adventures/cards/two-left-on-valentines.webp","https://user.uploads.dev/file/8c6ed642688cc55bcd82954918c7d7d5.webp","premade-adventures.json manifest (723 entries)"
"premade-card-image","H.E.I.R.A. v1.0","","23092","true","04-project-assets/premade-adventures/cards/h-e-i-r-a-v1-0.webp","https://user.uploads.dev/file/ccbc5665975c9a15b83e1294c0576ae4.webp","premade-adventures.json manifest (723 entries)"
"premade-card-image","Cold War at Center Ice","","27078","true","04-project-assets/premade-adventures/cards/cold-war-at-center-ice.webp","https://user.uploads.dev/file/cfa834d45cfbfdcedce37f956c479edf.webp","premade-adventures.json manifest (723 entries)"
"premade-card-image","Pinned","","23794","true","04-project-assets/premade-adventures/cards/pinned.webp","https://user.uploads.dev/file/94f68606bd459b5f787c16c20e21b6f2.webp","premade-adventures.json manifest (723 entries)"
"premade-card-image","The Fox You Inherited","","26794","true","04-project-assets/premade-adventures/cards/the-fox-you-inherited.webp","https://user.uploads.dev/file/390899b93889f67e92a4e7fa65320b7f.webp","premade-adventures.json manifest (723 entries)"
"premade-card-image","The Bastard Bride","","23532","true","04-project-assets/premade-adventures/cards/the-bastard-bride.webp","https://user.uploads.dev/file/778eaa8d03fb49d1ce3788492f6dd7f7.webp","premade-adventures.json manifest (723 entries)"
"premade-card-image","The Weaver in Room 4B","","42590","true","04-project-assets/premade-adventures/cards/the-weaver-in-room-4b.webp","https://user.uploads.dev/file/e163228cdcd3ae7c66766db2ed552022.webp","premade-adventures.json manifest (723 entries)"
"premade-card-image","The Creature Down the Hall","","15086","true","04-project-assets/premade-adventures/cards/the-creature-down-the-hall.webp","https://user.uploads.dev/file/c2a26cc31129ac6034ec9c36280dde00.webp","premade-adventures.json manifest (723 entries)"
"premade-card-image","Bed B Is Your Bully","","35782","true","04-project-assets/premade-adventures/cards/bed-b-is-your-bully.webp","https://user.uploads.dev/file/bad719e9d6495c3e0ec88096b9d48517.webp","premade-adventures.json manifest (723 entries)"
"premade-card-image","Rainmaker","","23234","true","04-project-assets/premade-adventures/cards/rainmaker.webp","https://user.uploads.dev/file/7df4f33ed65c1a7471fd564381653bb6.webp","premade-adventures.json manifest (723 entries)"
"premade-card-image","Bad Influence","","17986","true","04-project-assets/premade-adventures/cards/bad-influence.webp","https://user.uploads.dev/file/2712c379fe4a39c49541b5203d44ea30.webp","premade-adventures.json manifest (723 entries)"
"premade-card-image","Momo, Your Disaster Roommate","","32596","true","04-project-assets/premade-adventures/cards/momo-your-disaster-roommate.webp","https://user.uploads.dev/file/519130b549900f0e13e6344191817d90.webp","premade-adventures.json manifest (723 entries)"
"premade-card-image","Worst She Can Say Is No","","28120","true","04-project-assets/premade-adventures/cards/worst-she-can-say-is-no.webp","https://user.uploads.dev/file/a31951d38387842d67f2de7b8ce0b297.webp","premade-adventures.json manifest (723 entries)"
"premade-card-image","Son of the Ashen King","","15416","true","04-project-assets/premade-adventures/cards/son-of-the-ashen-king.webp","https://user.uploads.dev/file/c7b02c01db803db36f8cf5772bd121a9.webp","premade-adventures.json manifest (723 entries)"
"premade-card-image","Milk Bread & Money","","26372","true","04-project-assets/premade-adventures/cards/milk-bread-money.webp","https://user.uploads.dev/file/db0c46ccc8f6478fe4a005fa9172d367.webp","premade-adventures.json manifest (723 entries)"
"premade-card-image","Cash Runs the House","","38012","true","04-project-assets/premade-adventures/cards/cash-runs-the-house.webp","https://user.uploads.dev/file/fa4e263b0dce4cb733e6c0aee0b7181f.webp","premade-adventures.json manifest (723 entries)"
"premade-card-image","Wrong Species, Same Dorm","","34106","true","04-project-assets/premade-adventures/cards/wrong-species-same-dorm.webp","https://user.uploads.dev/file/94615f20af2078fbdaf9a0513eecd188.webp","premade-adventures.json manifest (723 entries)"
"premade-card-image","Hogwarts: First Year, 1995","","31756","true","04-project-assets/premade-adventures/cards/hogwarts-first-year-1995.webp","https://user.uploads.dev/file/b34cad4610ea2320f17189a43800f386.webp","premade-adventures.json manifest (723 entries)"
"premade-card-image","Please Be Home","","20668","true","04-project-assets/premade-adventures/cards/please-be-home.webp","https://user.uploads.dev/file/d0408094ba7788a0d53afdea72cea0a4.webp","premade-adventures.json manifest (723 entries)"
"premade-card-image","Feedback & Cigarettes","","25616","true","04-project-assets/premade-adventures/cards/feedback-cigarettes.webp","https://user.uploads.dev/file/10dae3efcec9f8f3dcf4ffa2cf2b18e7.webp","premade-adventures.json manifest (723 entries)"
"premade-card-image","The Enemy Spells My Name Right","","31748","true","04-project-assets/premade-adventures/cards/the-enemy-spells-my-name-right.webp","https://user.uploads.dev/file/53d1b2004be4cf6afb393c92f0f66462.webp","premade-adventures.json manifest (723 entries)"
"premade-card-image","Heirs & Graces at Greengale Hall","","46914","true","04-project-assets/premade-adventures/cards/heirs-graces-at-greengale-hall.webp","https://user.uploads.dev/file/b35ac99a3d0a91db3f864b8ee7ccd2e9.webp","premade-adventures.json manifest (723 entries)"
"premade-card-image","He Complains About Me Every Tuesday","","33590","true","04-project-assets/premade-adventures/cards/he-complains-about-me-every-tuesday.webp","https://user.uploads.dev/file/42cd7d13597312c12ebedf84b70a75fd.webp","premade-adventures.json manifest (723 entries)"
"premade-card-image","The Stitch: Back-Alley Medicine","","34148","true","04-project-assets/premade-adventures/cards/the-stitch-back-alley-medicine.webp","https://user.uploads.dev/file/eb91dcbcd56f781f444991665b1fd5c6.webp","premade-adventures.json manifest (723 entries)"
"premade-card-image","The Husband Who Hired a Mistress","","19918","true","04-project-assets/premade-adventures/cards/the-husband-who-hired-a-mistress.webp","https://user.uploads.dev/file/d6edab9d65eb5ca2dc8bb2dcf1426812.webp","premade-adventures.json manifest (723 entries)"
"premade-card-image","You Don't Remember Ruining Me","","26532","true","04-project-assets/premade-adventures/cards/you-dont-remember-ruining-me.webp","https://user.uploads.dev/file/9edc84336c4aab1c782f841c92b24c38.webp","premade-adventures.json manifest (723 entries)"
"premade-card-image","Tali'Zorah: Seventeen Minutes Late","","30856","true","04-project-assets/premade-adventures/cards/talizorah-seventeen-minutes-late.webp","https://user.uploads.dev/file/4b55846f92e35ac5c3f098ac7c73fc4f.webp","premade-adventures.json manifest (723 entries)"
"premade-card-image","Gravesworn","","25000","true","04-project-assets/premade-adventures/cards/gravesworn.webp","https://user.uploads.dev/file/0874cd851f4a383f5f310898dde1d4e1.webp","premade-adventures.json manifest (723 entries)"
"premade-card-image","Wonder Woman's Final Trial","","20708","true","04-project-assets/premade-adventures/cards/wonder-womans-final-trial.webp","https://user.uploads.dev/file/c5994f12cf3139423218fd3057ed9b69.webp","premade-adventures.json manifest (723 entries)"
"premade-card-image","She Hates You (Hold Still)","","19148","true","04-project-assets/premade-adventures/cards/she-hates-you-hold-still.webp","https://user.uploads.dev/file/7f6c58971cd232db6c79579ca47e78f1.webp","premade-adventures.json manifest (723 entries)"
"premade-card-image","Room 4C Doesn't Knock First","","35858","true","04-project-assets/premade-adventures/cards/room-4c-doesnt-knock-first.webp","https://user.uploads.dev/file/6ce8c563c150e8bbbf05062096b96fe9.webp","premade-adventures.json manifest (723 entries)"
"premade-card-image","The Wolf Nobody Bid On","","24380","true","04-project-assets/premade-adventures/cards/the-wolf-nobody-bid-on.webp","https://user.uploads.dev/file/c6a783fbded509f17ba749802e375628.webp","premade-adventures.json manifest (723 entries)"
"premade-card-image","First to Mean It Loses","","33490","true","04-project-assets/premade-adventures/cards/first-to-mean-it-loses.webp","https://user.uploads.dev/file/f6f213038c0ed57842e84983ea224ec6.webp","premade-adventures.json manifest (723 entries)"
"premade-card-image","Her Side of the Bed","","24094","true","04-project-assets/premade-adventures/cards/her-side-of-the-bed.webp","https://user.uploads.dev/file/01bce2f8403a9949d4dee2e100610b81.webp","premade-adventures.json manifest (723 entries)"
"premade-card-image","Famous Some Mornings, Dead by June","","20178","true","04-project-assets/premade-adventures/cards/famous-some-mornings-dead-by-june.webp","https://user.uploads.dev/file/873deea79c7e4e85deafe794d1de50f0.webp","premade-adventures.json manifest (723 entries)"
"premade-card-image","Wed to the Wolf of Verenport","","21238","true","04-project-assets/premade-adventures/cards/wed-to-the-wolf-of-verenport.webp","https://user.uploads.dev/file/1001668a541806aee607990f8f988bf8.webp","premade-adventures.json manifest (723 entries)"
"premade-card-image","One Signal Is Lying","","20306","true","04-project-assets/premade-adventures/cards/one-signal-is-lying.webp","https://user.uploads.dev/file/60234ee602ee5fcef90a0c2d19060ed4.webp","premade-adventures.json manifest (723 entries)"
"premade-card-image","Unit 4C: Roommates & Rent","","25134","true","04-project-assets/premade-adventures/cards/unit-4c-roommates-rent.webp","https://user.uploads.dev/file/b0d97024dbb080faabccbf133c41fd5f.webp","premade-adventures.json manifest (723 entries)"
"premade-card-image","Such a Nice Young Thing","","30364","true","04-project-assets/premade-adventures/cards/such-a-nice-young-thing.webp","https://user.uploads.dev/file/f8e742694fa88a8ea077e7c5579e7c9d.webp","premade-adventures.json manifest (723 entries)"
"premade-card-image","Sock on the Door","","27518","true","04-project-assets/premade-adventures/cards/sock-on-the-door.webp","https://user.uploads.dev/file/6130f0ed7fd93dcdd7871de7b69b1c75.webp","premade-adventures.json manifest (723 entries)"
"premade-card-image","The Wolf Who Ends the World","","30996","true","04-project-assets/premade-adventures/cards/the-wolf-who-ends-the-world.webp","https://user.uploads.dev/file/b5d06b8da434f5b676fe612461630a52.webp","premade-adventures.json manifest (723 entries)"
"premade-card-image","Five Feet of Fury","","32124","true","04-project-assets/premade-adventures/cards/five-feet-of-fury.webp","https://user.uploads.dev/file/1abebae117b98cc59ca9e6d19c6eb5f5.webp","premade-adventures.json manifest (723 entries)"
"premade-card-image","Livestock, Technically","","25024","true","04-project-assets/premade-adventures/cards/livestock-technically.webp","https://user.uploads.dev/file/981fe6962b3a05c0d52876f876566d78.webp","premade-adventures.json manifest (723 entries)"
"premade-card-image","Player Two Moved Back In","","28458","true","04-project-assets/premade-adventures/cards/player-two-moved-back-in.webp","https://user.uploads.dev/file/653bb0f6d4726a752245790f3dcef8d2.webp","premade-adventures.json manifest (723 entries)"
"premade-card-image","The Thing She Unchained","","20868","true","04-project-assets/premade-adventures/cards/the-thing-she-unchained.webp","https://user.uploads.dev/file/a9fe87a58f55a8d184a3939c33a68c64.webp","premade-adventures.json manifest (723 entries)"
"premade-card-image","The Brat of D-Block","","35164","true","04-project-assets/premade-adventures/cards/the-brat-of-d-block.webp","https://user.uploads.dev/file/2009932933dc8cbb50a9c02c3e680072.webp","premade-adventures.json manifest (723 entries)"
"premade-card-image","The Queen Will Break You Herself","","26244","true","04-project-assets/premade-adventures/cards/the-queen-will-break-you-herself.webp","https://user.uploads.dev/file/bd31b725c27f71ee05cf889a30ea9224.webp","premade-adventures.json manifest (723 entries)"
"premade-card-image","Marci: No Words Needed","","28922","true","04-project-assets/premade-adventures/cards/marci-no-words-needed.webp","https://user.uploads.dev/file/996095723bbf4171ea08fc27e54cf97f.webp","premade-adventures.json manifest (723 entries)"
"premade-card-image","The Meanest Man in Saltmere","","27158","true","04-project-assets/premade-adventures/cards/the-meanest-man-in-saltmere.webp","https://user.uploads.dev/file/469b279a90a19f82d94b4848054c9004.webp","premade-adventures.json manifest (723 entries)"
"premade-card-image","A Speck of Dust in the Emperor's Court","","26766","true","04-project-assets/premade-adventures/cards/a-speck-of-dust-in-the-emperors-court.webp","https://user.uploads.dev/file/bb1b7e2697847e1169b7b931200bab05.webp","premade-adventures.json manifest (723 entries)"
"premade-card-image","No Boundaries (Juno Rules)","","25242","true","04-project-assets/premade-adventures/cards/no-boundaries-juno-rules.webp","https://user.uploads.dev/file/0849c5cc8273e1a8486df5f9f4bfa4ec.webp","premade-adventures.json manifest (723 entries)"
"premade-card-image","My Rival Signals Behind My Back","","29188","true","04-project-assets/premade-adventures/cards/my-rival-signals-behind-my-back.webp","https://user.uploads.dev/file/d9fa79f3f5189411c9a8c73e827b3d56.webp","premade-adventures.json manifest (723 entries)"
"premade-card-image","You Signed For This","","26102","true","04-project-assets/premade-adventures/cards/you-signed-for-this.webp","https://user.uploads.dev/file/8f66e543992869a73a9f53d13f520bcb.webp","premade-adventures.json manifest (723 entries)"
"premade-card-image","The Girl in 3B","","36596","true","04-project-assets/premade-adventures/cards/the-girl-in-3b.webp","https://user.uploads.dev/file/28258ecfdb4f09b1335a711358878919.webp","premade-adventures.json manifest (723 entries)"
"premade-card-image","Manager to the Front","","39520","true","04-project-assets/premade-adventures/cards/manager-to-the-front.webp","https://user.uploads.dev/file/2b69088584fddb34b2a7a669efbbc5eb.webp","premade-adventures.json manifest (723 entries)"
"premade-card-image","The Alpha Lie","","23264","true","04-project-assets/premade-adventures/cards/the-alpha-lie.webp","https://user.uploads.dev/file/7ffd8efb2cf638a85f2af11a1183bdb0.webp","premade-adventures.json manifest (723 entries)"
"premade-card-image","Knox Callahan Gets Told No","","26924","true","04-project-assets/premade-adventures/cards/knox-callahan-gets-told-no.webp","https://user.uploads.dev/file/64b046bea9075e5273dc96333043b761.webp","premade-adventures.json manifest (723 entries)"
"premade-card-image","Puppy of the House Ocaña","","28108","true","04-project-assets/premade-adventures/cards/puppy-of-the-house-oca-a.webp","https://user.uploads.dev/file/4b044e35726ee7a56c7b0800d01b736a.webp","premade-adventures.json manifest (723 entries)"
"premade-card-image","Extinct, Allegedly","","23724","true","04-project-assets/premade-adventures/cards/extinct-allegedly.webp","https://user.uploads.dev/file/223a647dd6ed69878c90eb42325bdc79.webp","premade-adventures.json manifest (723 entries)"
"premade-card-image","The Wolf You Married","","17726","true","04-project-assets/premade-adventures/cards/the-wolf-you-married.webp","https://user.uploads.dev/file/8808baf38bee99d262ea6bb234e11f06.webp","premade-adventures.json manifest (723 entries)"
"premade-card-image","In Sickness and in Gacha","","37048","true","04-project-assets/premade-adventures/cards/in-sickness-and-in-gacha.webp","https://user.uploads.dev/file/69140aff9368784f429e4d1a69ad9fdd.webp","premade-adventures.json manifest (723 entries)"
"premade-card-image","Scripted to Fall","","25912","true","04-project-assets/premade-adventures/cards/scripted-to-fall.webp","https://user.uploads.dev/file/ac7fb595d1521053b5ad3fdf2e885848.webp","premade-adventures.json manifest (723 entries)"
"premade-card-image","Couch Lock","","28518","true","04-project-assets/premade-adventures/cards/couch-lock.webp","https://user.uploads.dev/file/1af003f4570f99f0acfca66ba2ee98ea.webp","premade-adventures.json manifest (723 entries)"
"premade-card-image","Two Shadows, One Heir","","22970","true","04-project-assets/premade-adventures/cards/two-shadows-one-heir.webp","https://user.uploads.dev/file/ac2f6763fd514302475e95b026aff031.webp","premade-adventures.json manifest (723 entries)"
"premade-card-image","Servant of the Scarlet Devil","","28454","true","04-project-assets/premade-adventures/cards/servant-of-the-scarlet-devil.webp","https://user.uploads.dev/file/516ead2e95c370acffb9749214ad7286.webp","premade-adventures.json manifest (723 entries)"
"premade-card-image","The Gremlin Down the Hall","","30844","true","04-project-assets/premade-adventures/cards/the-gremlin-down-the-hall.webp","https://user.uploads.dev/file/c3c5d1c13a25d174e1d7730c29d326fe.webp","premade-adventures.json manifest (723 entries)"
"premade-card-image","The Wolf He Can't Kill","","15350","true","04-project-assets/premade-adventures/cards/the-wolf-he-cant-kill.webp","https://user.uploads.dev/file/e72bbb45c54ee22ecbbbe5f107db1485.webp","premade-adventures.json manifest (723 entries)"
"premade-card-image","Handler & Hound","","25716","true","04-project-assets/premade-adventures/cards/handler-hound.webp","https://user.uploads.dev/file/1e28fa83cf5bd3a027bac32664d4456a.webp","premade-adventures.json manifest (723 entries)"
"premade-card-image","No Autogrraphs","","21906","true","04-project-assets/premade-adventures/cards/no-autogrraphs.webp","https://user.uploads.dev/file/865bd501f7a7aceb9406d5f4114ca3fb.webp","premade-adventures.json manifest (723 entries)"
"premade-card-image","The Brat Prince's Bride-Price","","30138","true","04-project-assets/premade-adventures/cards/the-brat-princes-bride-price.webp","https://user.uploads.dev/file/348436a19c1ba6ab48117f3143aa7b8d.webp","premade-adventures.json manifest (723 entries)"
"premade-card-image","Guard Dog","","21658","true","04-project-assets/premade-adventures/cards/guard-dog.webp","https://user.uploads.dev/file/206c8fad03d4e4c383d4a71d0a7ac63d.webp","premade-adventures.json manifest (723 entries)"
"premade-card-image","The Other Parent","","26378","true","04-project-assets/premade-adventures/cards/the-other-parent.webp","https://user.uploads.dev/file/493f15d724c7d6a280ecca418a8e1546.webp","premade-adventures.json manifest (723 entries)"
"premade-card-image","Rent Is Due. Wren Is Asleep.","","19482","true","04-project-assets/premade-adventures/cards/rent-is-due-wren-is-asleep.webp","https://user.uploads.dev/file/4e12fabb8b0ce95b64d1d0e6fe8b4f1e.webp","premade-adventures.json manifest (723 entries)"
"premade-card-image","The Thornveil Accord","","27888","true","04-project-assets/premade-adventures/cards/the-thornveil-accord.webp","https://user.uploads.dev/file/e1bec43cf821cf8ae3169ee708c3a5d7.webp","premade-adventures.json manifest (723 entries)"
"premade-card-image","Saint Nowhere","","23720","true","04-project-assets/premade-adventures/cards/saint-nowhere.webp","https://user.uploads.dev/file/d8169bc9b27fb44a31943bb6a9478ada.webp","premade-adventures.json manifest (723 entries)"
"premade-card-image","The Emperor's Other Child","","21004","true","04-project-assets/premade-adventures/cards/the-emperors-other-child.webp","https://user.uploads.dev/file/6064fdf5cb383807e964a7ba70d705e6.webp","premade-adventures.json manifest (723 entries)"
"premade-card-image","Property of Sawa Kurogane","","27604","true","04-project-assets/premade-adventures/cards/property-of-sawa-kurogane.webp","https://user.uploads.dev/file/e475375849a9e65c84d01ce0fe54401f.webp","premade-adventures.json manifest (723 entries)"
"premade-card-image","The Third Blade","","17144","true","04-project-assets/premade-adventures/cards/the-third-blade.webp","https://user.uploads.dev/file/4ceba740d789ba48de08350cde06d29f.webp","premade-adventures.json manifest (723 entries)"
"premade-card-image","Property of Seraphine Aldercroft","","17020","true","04-project-assets/premade-adventures/cards/property-of-seraphine-aldercroft.webp","https://user.uploads.dev/file/e3a696741b260b3dce94feaffa86b545.webp","premade-adventures.json manifest (723 entries)"
"premade-card-image","The Crooked Lantern","","30890","true","04-project-assets/premade-adventures/cards/the-crooked-lantern.webp","https://user.uploads.dev/file/a9c7bb54fc2cdae30c07114be75e7f07.webp","premade-adventures.json manifest (723 entries)"
"premade-card-image","I'm the Secret Route","","38798","true","04-project-assets/premade-adventures/cards/im-the-secret-route.webp","https://user.uploads.dev/file/66636876950cc6a4cd8f7a670e1a3681.webp","premade-adventures.json manifest (723 entries)"
"premade-card-image","Sable Vance Is Your Problem Now","","38232","true","04-project-assets/premade-adventures/cards/sable-vance-is-your-problem-now.webp","https://user.uploads.dev/file/88f3111643eb30d84b7b0464b819fa7d.webp","premade-adventures.json manifest (723 entries)"
"premade-card-image","Military-Grade Maid","","25718","true","04-project-assets/premade-adventures/cards/military-grade-maid.webp","https://user.uploads.dev/file/294640df8366142015ae7a87ad60435a.webp","premade-adventures.json manifest (723 entries)"
"premade-card-image","Per the Contract, She Stays","","65422","true","04-project-assets/premade-adventures/cards/per-the-contract-she-stays.webp","https://user.uploads.dev/file/98eced0608d7c1966462f1d6f742f814.webp","premade-adventures.json manifest (723 entries)"
"premade-card-image","Black Lipstick, Bloody Knuckles","","37386","true","04-project-assets/premade-adventures/cards/black-lipstick-bloody-knuckles.webp","https://user.uploads.dev/file/111455ed27e25f933a8367e2cdde52ab.webp","premade-adventures.json manifest (723 entries)"
"premade-card-image","DO NOT PET","","18626","true","04-project-assets/premade-adventures/cards/do-not-pet.webp","https://user.uploads.dev/file/f115c580c47ab061451a7783c2c7a761.webp","premade-adventures.json manifest (723 entries)"
"premade-card-image","The Gremlin of Gilder Heights","","29806","true","04-project-assets/premade-adventures/cards/the-gremlin-of-gilder-heights.webp","https://user.uploads.dev/file/542022b249fd5fd1e29f28f5beb9a8fe.webp","premade-adventures.json manifest (723 entries)"
"premade-card-image","Only Human in the Maw","","30938","true","04-project-assets/premade-adventures/cards/only-human-in-the-maw.webp","https://user.uploads.dev/file/72a7658ee6650e96f9c8024060392760.webp","premade-adventures.json manifest (723 entries)"
"premade-card-image","Managing the Damage","","23384","true","04-project-assets/premade-adventures/cards/managing-the-damage.webp","https://user.uploads.dev/file/e12801c984fe8dc234b5ef1b4a53c51d.webp","premade-adventures.json manifest (723 entries)"
"premade-card-image","Carve Your Name in the Reaches","","29308","true","04-project-assets/premade-adventures/cards/carve-your-name-in-the-reaches.webp","https://user.uploads.dev/file/1c1789f5c82f5f2f3bc67a3a9c1b7fb8.webp","premade-adventures.json manifest (723 entries)"
"premade-card-image","The Guild's Sweetest Disaster","","29898","true","04-project-assets/premade-adventures/cards/the-guilds-sweetest-disaster.webp","https://user.uploads.dev/file/d1a5e275d3961029fb9610ba86dc1731.webp","premade-adventures.json manifest (723 entries)"
"premade-card-image","Skill Issue","","24402","true","04-project-assets/premade-adventures/cards/skill-issue.webp","https://user.uploads.dev/file/fb3204b6ed898bd0395adcb19d46ba9f.webp","premade-adventures.json manifest (723 entries)"
"premade-card-image","Vesper Doesn't Care","","22662","true","04-project-assets/premade-adventures/cards/vesper-doesnt-care.webp","https://user.uploads.dev/file/2a78c7b70bdf86bcc16eb64173a365ad.webp","premade-adventures.json manifest (723 entries)"
"premade-card-image","Blood Debt Vows","","20984","true","04-project-assets/premade-adventures/cards/blood-debt-vows.webp","https://user.uploads.dev/file/99583bce887f5245a3a145ca368576c0.webp","premade-adventures.json manifest (723 entries)"
"premade-card-image","Nobody Came But You","","20946","true","04-project-assets/premade-adventures/cards/nobody-came-but-you.webp","https://user.uploads.dev/file/ca7ad15845b18ad3ccd576c00dd48f44.webp","premade-adventures.json manifest (723 entries)"
"premade-card-image","The Prince Who Breaks Maids","","44002","true","04-project-assets/premade-adventures/cards/the-prince-who-breaks-maids.webp","https://user.uploads.dev/file/dde27dcd53c6e5719f557bc3bd260eb3.webp","premade-adventures.json manifest (723 entries)"
"premade-card-image","Fresh Meat at Halloway Tech","","39616","true","04-project-assets/premade-adventures/cards/fresh-meat-at-halloway-tech.webp","https://user.uploads.dev/file/6cffa3184a6e1a3f5a09da31a6e1b42e.webp","premade-adventures.json manifest (723 entries)"
"premade-card-image","Iron City Princess","","29018","true","04-project-assets/premade-adventures/cards/iron-city-princess.webp","https://user.uploads.dev/file/7737ac5b2355f033fd660293d6b9357e.webp","premade-adventures.json manifest (723 entries)"
"premade-card-image","Own Goal","","22654","true","04-project-assets/premade-adventures/cards/own-goal.webp","https://user.uploads.dev/file/6fb4d0ae08ba87abfa6189bc774d1981.webp","premade-adventures.json manifest (723 entries)"
"premade-card-image","It's Not Like She Needs You","","24270","true","04-project-assets/premade-adventures/cards/its-not-like-she-needs-you.webp","https://user.uploads.dev/file/1417f451b746921cc674d0fcd27d1487.webp","premade-adventures.json manifest (723 entries)"
"premade-card-image","The Knight Who Hates Everyone Else","","35474","true","04-project-assets/premade-adventures/cards/the-knight-who-hates-everyone-else.webp","https://user.uploads.dev/file/5608e6bb4e5b73d7ba3c0ab987972217.webp","premade-adventures.json manifest (723 entries)"
"premade-card-image","Your Bodyguard Hates You","","24884","true","04-project-assets/premade-adventures/cards/your-bodyguard-hates-you.webp","https://user.uploads.dev/file/d64eee9ee43d791c64578b9bb2e114ff.webp","premade-adventures.json manifest (723 entries)"
"premade-card-image","Not the Protagonist","","26366","true","04-project-assets/premade-adventures/cards/not-the-protagonist.webp","https://user.uploads.dev/file/03d7f745fb9102371fa8026b0c50117b.webp","premade-adventures.json manifest (723 entries)"
"premade-card-image","Ghost & König: Quarters","","31436","true","04-project-assets/premade-adventures/cards/ghost-k-nig-quarters.webp","https://user.uploads.dev/file/8656edb7468b65a8892f2ad86df3455b.webp","premade-adventures.json manifest (723 entries)"
"premade-card-image","The God-Maid of Grayharrow","","26240","true","04-project-assets/premade-adventures/cards/the-god-maid-of-grayharrow.webp","https://user.uploads.dev/file/36c15211f9d4a387ab350aeb6fd30a89.webp","premade-adventures.json manifest (723 entries)"
"premade-card-image","Miguel O'Hara: The Betrayal","","44964","true","04-project-assets/premade-adventures/cards/miguel-ohara-the-betrayal.webp","https://user.uploads.dev/file/20012a07cf347bf06aee491cff3f4d8c.webp","premade-adventures.json manifest (723 entries)"
"premade-card-image","Back to the Wall","","18982","true","04-project-assets/premade-adventures/cards/back-to-the-wall.webp","https://user.uploads.dev/file/114c89a5aab84120d19a216528ff56e5.webp","premade-adventures.json manifest (723 entries)"
"premade-card-image","The Tiger Next Door","","42120","true","04-project-assets/premade-adventures/cards/the-tiger-next-door.webp","https://user.uploads.dev/file/70304479ccdfe842177c7d32ae180121.webp","premade-adventures.json manifest (723 entries)"
"premade-card-image","Carry Us, Coach","","39192","true","04-project-assets/premade-adventures/cards/carry-us-coach.webp","https://user.uploads.dev/file/16fdcf6a9f0164fba363816f33944638.webp","premade-adventures.json manifest (723 entries)"
"premade-card-image","The Wolf Who Left Winter","","23954","true","04-project-assets/premade-adventures/cards/the-wolf-who-left-winter.webp","https://user.uploads.dev/file/06b9a0cda96bff4440f22cbef8fe295c.webp","premade-adventures.json manifest (723 entries)"
"premade-card-image","Bad Cop, Good Mom","","18978","true","04-project-assets/premade-adventures/cards/bad-cop-good-mom.webp","https://user.uploads.dev/file/af8765ee6e5110055bf80e6f7b995432.webp","premade-adventures.json manifest (723 entries)"
"premade-card-image","Prototype Mother","","10814","true","04-project-assets/premade-adventures/cards/prototype-mother.webp","https://user.uploads.dev/file/732596137fc6da0d482c7c4109f76b31.webp","premade-adventures.json manifest (723 entries)"
"premade-card-image","Red Paint Looks Like Blood","","14418","true","04-project-assets/premade-adventures/cards/red-paint-looks-like-blood.webp","https://user.uploads.dev/file/bed094cb820a4c206e95bda6681c0b8f.webp","premade-adventures.json manifest (723 entries)"
"premade-card-image","Heartmark Cove","","31462","true","04-project-assets/premade-adventures/cards/heartmark-cove.webp","https://user.uploads.dev/file/5dbd7c6887dd4dbaddf0b4ef847c3b38.webp","premade-adventures.json manifest (723 entries)"
"premade-card-image","Seven Days: Thunder & Foxfire","","34586","true","04-project-assets/premade-adventures/cards/seven-days-thunder-foxfire.webp","https://user.uploads.dev/file/4eb05221443259ce172e18485256f69b.webp","premade-adventures.json manifest (723 entries)"
"premade-card-image","Last Daughter of Vashkar","","21300","true","04-project-assets/premade-adventures/cards/last-daughter-of-vashkar.webp","https://user.uploads.dev/file/9b48e0fc1ad63f8c1881226797e15a24.webp","premade-adventures.json manifest (723 entries)"
"premade-card-image","Keeper of the Dove","","24828","true","04-project-assets/premade-adventures/cards/keeper-of-the-dove.webp","https://user.uploads.dev/file/1bf5a30b127bc775d37bdde11c8103d1.webp","premade-adventures.json manifest (723 entries)"
"premade-card-image","My Monsters Keep Apologizing","","51286","true","04-project-assets/premade-adventures/cards/my-monsters-keep-apologizing.webp","https://user.uploads.dev/file/61e954c0d5e130bfd47292632ffaed64.webp","premade-adventures.json manifest (723 entries)"
"premade-card-image","Everyone Thinks You Love Him","","26036","true","04-project-assets/premade-adventures/cards/everyone-thinks-you-love-him.webp","https://user.uploads.dev/file/afc50531ddb053a7e9b483679927a27e.webp","premade-adventures.json manifest (723 entries)"
"premade-card-image","MANTICORE's Finest","","24744","true","04-project-assets/premade-adventures/cards/manticores-finest.webp","https://user.uploads.dev/file/f499d9e16e906638f07582afad183c5b.webp","premade-adventures.json manifest (723 entries)"
"premade-card-image","Bunking with the Colonel","","22552","true","04-project-assets/premade-adventures/cards/bunking-with-the-colonel.webp","https://user.uploads.dev/file/b1440dd6537d1b835c8062bcf3bf99fb.webp","premade-adventures.json manifest (723 entries)"
"premade-card-image","Welcome to Hogwarts","","32226","true","04-project-assets/premade-adventures/cards/welcome-to-hogwarts.webp","https://user.uploads.dev/file/ea26309f4291c435bc8e23058eb50096.webp","premade-adventures.json manifest (723 entries)"
"premade-card-image","Your Sister's Boyfriend","","18232","true","04-project-assets/premade-adventures/cards/your-sisters-boyfriend.webp","https://user.uploads.dev/file/4984ea8a6534094d2ba6347b9d17f81e.webp","premade-adventures.json manifest (723 entries)"
"premade-card-image","Bring Me What You Brewed","","66014","true","04-project-assets/premade-adventures/cards/bring-me-what-you-brewed.webp","https://user.uploads.dev/file/cf0d6f04c6a2a0a8eb05d82d22b1e511.webp","premade-adventures.json manifest (723 entries)"
"premade-card-image","My Only Tell Is the Truth","","28478","true","04-project-assets/premade-adventures/cards/my-only-tell-is-the-truth.webp","https://user.uploads.dev/file/a4c45d7d65bb96b455f6bb3c093aaf9b.webp","premade-adventures.json manifest (723 entries)"
"premade-card-image","I Can't Say Who Dies Tuesday","","23930","true","04-project-assets/premade-adventures/cards/i-cant-say-who-dies-tuesday.webp","https://user.uploads.dev/file/003585be43ce2ea60e4b69a598ab7f28.webp","premade-adventures.json manifest (723 entries)"
"premade-card-image","Say the Word","","20026","true","04-project-assets/premade-adventures/cards/say-the-word.webp","https://user.uploads.dev/file/8c42973ae79bb5a6396fe00880080c1c.webp","premade-adventures.json manifest (723 entries)"
"premade-card-image","Your Name Through Her Door","","21372","true","04-project-assets/premade-adventures/cards/your-name-through-her-door.webp","https://user.uploads.dev/file/d98036fd2fce90785a6bb842f4ab1e51.webp","premade-adventures.json manifest (723 entries)"
"premade-card-image","The Summer at Skerrin","","37404","true","04-project-assets/premade-adventures/cards/the-summer-at-skerrin.webp","https://user.uploads.dev/file/e346ef81d958fc488d222a329e1d5d96.webp","premade-adventures.json manifest (723 entries)"
"premade-card-image","Ghost Protocol: House Arrest","","21388","true","04-project-assets/premade-adventures/cards/ghost-protocol-house-arrest.webp","https://user.uploads.dev/file/52c55f73f2c904010ac698e6f08a1ad9.webp","premade-adventures.json manifest (723 entries)"
"premade-card-image","Ten Rounds or Die","","22472","true","04-project-assets/premade-adventures/cards/ten-rounds-or-die.webp","https://user.uploads.dev/file/2d0b2cd69a74757b8c18caede253df0c.webp","premade-adventures.json manifest (723 entries)"
"premade-card-image","Good Girl","","27660","true","04-project-assets/premade-adventures/cards/good-girl.webp","https://user.uploads.dev/file/55259f2b3d12a3c5758857af681fc391.webp","premade-adventures.json manifest (723 entries)"
"premade-card-image","Bad With Girls","","32272","true","04-project-assets/premade-adventures/cards/bad-with-girls.webp","https://user.uploads.dev/file/9d205d043eb2474fb504836443112468.webp","premade-adventures.json manifest (723 entries)"
"premade-card-image","One of You Held My Hand","","39378","true","04-project-assets/premade-adventures/cards/one-of-you-held-my-hand.webp","https://user.uploads.dev/file/07df4c681bb8290642518f338d0c62fc.webp","premade-adventures.json manifest (723 entries)"
"premade-card-image","Warhymn","","39660","true","04-project-assets/premade-adventures/cards/warhymn.webp","https://user.uploads.dev/file/9843ce0d1be332d21643988383c6161b.webp","premade-adventures.json manifest (723 entries)"
"premade-card-image","Halo on the Couch","","27416","true","04-project-assets/premade-adventures/cards/halo-on-the-couch.webp","https://user.uploads.dev/file/0aec442d259c22b745483ab00d1204fb.webp","premade-adventures.json manifest (723 entries)"
"premade-card-image","They Talk Like I'm Furniture","","20126","true","04-project-assets/premade-adventures/cards/they-talk-like-im-furniture.webp","https://user.uploads.dev/file/5d6b18f5d17c19aef580886a0ca1aa0f.webp","premade-adventures.json manifest (723 entries)"
"premade-card-image","Gojo Satoru Won't Leave You Alone","","25624","true","04-project-assets/premade-adventures/cards/gojo-satoru-wont-leave-you-alone.webp","https://user.uploads.dev/file/707a784f9c359ae4d2fc297bd90fe22a.webp","premade-adventures.json manifest (723 entries)"
"premade-card-image","The School Saint Clocks Out at Nine","","25368","true","04-project-assets/premade-adventures/cards/the-school-saint-clocks-out-at-nine.webp","https://user.uploads.dev/file/5e2437ecb990ebbdaad9b0ee07a58648.webp","premade-adventures.json manifest (723 entries)"
"premade-card-image","Hey, Loser.","","34264","true","04-project-assets/premade-adventures/cards/hey-loser.webp","https://user.uploads.dev/file/9729abdfa0b0260a039b350d44a229ee.webp","premade-adventures.json manifest (723 entries)"
"premade-card-image","Your Hookup's Roommate Hates You","","32710","true","04-project-assets/premade-adventures/cards/your-hookups-roommate-hates-you.webp","https://user.uploads.dev/file/548388ba3b0a53ab38a80d3fd8fdba07.webp","premade-adventures.json manifest (723 entries)"
"premade-card-image","Drunk Dial the Asshole","","21342","true","04-project-assets/premade-adventures/cards/drunk-dial-the-asshole.webp","https://user.uploads.dev/file/991df5e8208563522cad50dcd343a08c.webp","premade-adventures.json manifest (723 entries)"
"premade-card-image","Collateral with a Heartbeat","","18728","true","04-project-assets/premade-adventures/cards/collateral-with-a-heartbeat.webp","https://user.uploads.dev/file/e03987ae65b77fe8ac6b45702b44b4dc.webp","premade-adventures.json manifest (723 entries)"
"premade-card-image","The Girl in Milo's Wardrobe","","29418","true","04-project-assets/premade-adventures/cards/the-girl-in-milos-wardrobe.webp","https://user.uploads.dev/file/fbd787c9a2c63c257a8ee0f842a64158.webp","premade-adventures.json manifest (723 entries)"
"premade-card-image","Live Cargo","","31746","true","04-project-assets/premade-adventures/cards/live-cargo.webp","https://user.uploads.dev/file/16bf81fc8d7258affeae8fd87a3a3bc1.webp","premade-adventures.json manifest (723 entries)"
"premade-card-image","The Quiet Room Upstairs","","17674","true","04-project-assets/premade-adventures/cards/the-quiet-room-upstairs.webp","https://user.uploads.dev/file/2bd71c18e39954011307f90bfe7fea23.webp","premade-adventures.json manifest (723 entries)"
"premade-card-image","His Eyes Follow You Home","","19252","true","04-project-assets/premade-adventures/cards/his-eyes-follow-you-home.webp","https://user.uploads.dev/file/c9c8cc07ae0f25688cf89f8d7b1117ff.webp","premade-adventures.json manifest (723 entries)"
"premade-card-image","Anomaly Under Glass","","9176","true","04-project-assets/premade-adventures/cards/anomaly-under-glass.webp","https://user.uploads.dev/file/0eb1ec0dd503f001f6de885a6338121b.webp","premade-adventures.json manifest (723 entries)"
"premade-card-image","Yeen Sisters Know Best","","30178","true","04-project-assets/premade-adventures/cards/yeen-sisters-know-best.webp","https://user.uploads.dev/file/0344bcaade02ff03572501151bca1ed9.webp","premade-adventures.json manifest (723 entries)"
"premade-card-image","Rent-Free","","14706","true","04-project-assets/premade-adventures/cards/rent-free.webp","https://user.uploads.dev/file/68a90b1a8de2e30936528c4d8874381e.webp","premade-adventures.json manifest (723 entries)"
"premade-card-image","Seven Minutes with the Outcast","","22352","true","04-project-assets/premade-adventures/cards/seven-minutes-with-the-outcast.webp","https://user.uploads.dev/file/89f592ef1bae8341b66c1b7df5be1f08.webp","premade-adventures.json manifest (723 entries)"
"premade-card-image","Jujutsu High, 2007","","23450","true","04-project-assets/premade-adventures/cards/jujutsu-high-2007.webp","https://user.uploads.dev/file/f9bfe4613e6de61e81f2504567cf13cb.webp","premade-adventures.json manifest (723 entries)"
"premade-card-image","Don't Mindwipe Me Till Friday","","36226","true","04-project-assets/premade-adventures/cards/dont-mindwipe-me-till-friday.webp","https://user.uploads.dev/file/a52e2370f28cde2644e65f3a699b1ea7.webp","premade-adventures.json manifest (723 entries)"
"premade-card-image","Butterscotch & Quiet","","28874","true","04-project-assets/premade-adventures/cards/butterscotch-quiet.webp","https://user.uploads.dev/file/cdf34e2c38b9b83c12bbb8c15cb2a36f.webp","premade-adventures.json manifest (723 entries)"
"premade-card-image","My Character Witness Makes Soup","","24880","true","04-project-assets/premade-adventures/cards/my-character-witness-makes-soup.webp","https://user.uploads.dev/file/ee5050e5d197b75b585d6a44e5b7ddd8.webp","premade-adventures.json manifest (723 entries)"
"premade-card-image","Leaving Kade Moran","","22136","true","04-project-assets/premade-adventures/cards/leaving-kade-moran.webp","https://user.uploads.dev/file/6656b5f96a2f40fba41f2f9ee7710251.webp","premade-adventures.json manifest (723 entries)"
"premade-card-image","Married to the Enemy","","27066","true","04-project-assets/premade-adventures/cards/married-to-the-enemy.webp","https://user.uploads.dev/file/5fb0c72ab056a057d368fb8c778076c8.webp","premade-adventures.json manifest (723 entries)"
"premade-card-image","Cottonmouth King","","24222","true","04-project-assets/premade-adventures/cards/cottonmouth-king.webp","https://user.uploads.dev/file/47946ea738fad45354786e4d56bb0567.webp","premade-adventures.json manifest (723 entries)"
"premade-card-image","The Brat Down the Hall","","29144","true","04-project-assets/premade-adventures/cards/the-brat-down-the-hall.webp","https://user.uploads.dev/file/386363ede672c9bc953e528413540696.webp","premade-adventures.json manifest (723 entries)"
"premade-card-image","Fourth of Five","","33316","true","04-project-assets/premade-adventures/cards/fourth-of-five.webp","https://user.uploads.dev/file/053d2e3b4c24091bf72c1984fb992b7b.webp","premade-adventures.json manifest (723 entries)"
"premade-card-image","It's Your Birthday. He's Live.","","22438","true","04-project-assets/premade-adventures/cards/its-your-birthday-hes-live.webp","https://user.uploads.dev/file/b4fa0cdfbcc4ccdad31300ac94f44862.webp","premade-adventures.json manifest (723 entries)"
"premade-card-image","Purebred","","29360","true","04-project-assets/premade-adventures/cards/purebred.webp","https://user.uploads.dev/file/a7a4fc2282e98b9d09014607898036ee.webp","premade-adventures.json manifest (723 entries)"
"premade-card-image","The Weekend at Dahlia's","","27634","true","04-project-assets/premade-adventures/cards/the-weekend-at-dahlias.webp","https://user.uploads.dev/file/3865936c360b92352695062527344233.webp","premade-adventures.json manifest (723 entries)"
"premade-card-image","Totes Not an Otaku","","41746","true","04-project-assets/premade-adventures/cards/totes-not-an-otaku.webp","https://user.uploads.dev/file/bb655030260248a1f4c6177db8830b20.webp","premade-adventures.json manifest (723 entries)"
"premade-card-image","Rosalina Fell to Earth","","23096","true","04-project-assets/premade-adventures/cards/rosalina-fell-to-earth.webp","https://user.uploads.dev/file/62941809d8e223b35f638f160fa39754.webp","premade-adventures.json manifest (723 entries)"
"premade-card-image","The Velvet Guillotine","","28426","true","04-project-assets/premade-adventures/cards/the-velvet-guillotine.webp","https://user.uploads.dev/file/7cce0f44749066f5f815a7c8c098e3e0.webp","premade-adventures.json manifest (723 entries)"
"premade-card-image","He Said He's an Art Student","","32500","true","04-project-assets/premade-adventures/cards/he-said-hes-an-art-student.webp","https://user.uploads.dev/file/1b9742b3924e87f74b01b2b5e8bd70a5.webp","premade-adventures.json manifest (723 entries)"
"premade-card-image","Blood on the Guest List","","26360","true","04-project-assets/premade-adventures/cards/blood-on-the-guest-list.webp","https://user.uploads.dev/file/b360023fe3971c470b2d096d2f9c6925.webp","premade-adventures.json manifest (723 entries)"
"premade-card-image","The Goth Down the Hall","","33524","true","04-project-assets/premade-adventures/cards/the-goth-down-the-hall.webp","https://user.uploads.dev/file/b66dd7e821ac90ab23ed0a7cdf138466.webp","premade-adventures.json manifest (723 entries)"
"premade-card-image","Married to the Strongest","","23978","true","04-project-assets/premade-adventures/cards/married-to-the-strongest.webp","https://user.uploads.dev/file/c43a22c80248ea03df92d78dd7afe428.webp","premade-adventures.json manifest (723 entries)"
"premade-card-image","Secure. Contain. You.","","15632","true","04-project-assets/premade-adventures/cards/secure-contain-you.webp","https://user.uploads.dev/file/c229aa77942d1dedfb6da980755a1e5b.webp","premade-adventures.json manifest (723 entries)"
"premade-card-image","Knuckle Sandwich, Hold the Feelings","","50316","true","04-project-assets/premade-adventures/cards/knuckle-sandwich-hold-the-feelings.webp","https://user.uploads.dev/file/4abbc8423883ba22a38ae5e02554df2d.webp","premade-adventures.json manifest (723 entries)"
"premade-card-image","Pokémon Mystery Dungeon: Fallen","","27580","true","04-project-assets/premade-adventures/cards/pok-mon-mystery-dungeon-fallen.webp","https://user.uploads.dev/file/89268f30b9a2b0e0647f62b7a7dd6889.webp","premade-adventures.json manifest (723 entries)"
"premade-card-image","The Kindest Invitation","","24878","true","04-project-assets/premade-adventures/cards/the-kindest-invitation.webp","https://user.uploads.dev/file/0056e89308fb1ec261e330ef071f878b.webp","premade-adventures.json manifest (723 entries)"
"premade-card-image","Horse Girl Summer","","41136","true","04-project-assets/premade-adventures/cards/horse-girl-summer.webp","https://user.uploads.dev/file/5bc7d64dfd2906667bdca7ccc8afcca2.webp","premade-adventures.json manifest (723 entries)"
"premade-card-image","She Still Climbs My Fence","","59082","true","04-project-assets/premade-adventures/cards/she-still-climbs-my-fence.webp","https://user.uploads.dev/file/8d82e822dbd44c8ad2de6d95c0278029.webp","premade-adventures.json manifest (723 entries)"
"premade-card-image","Loose Ends Don't Walk","","30650","true","04-project-assets/premade-adventures/cards/loose-ends-dont-walk.webp","https://user.uploads.dev/file/b6099d042dcc28ca30af904f960903c6.webp","premade-adventures.json manifest (723 entries)"
"premade-card-image","Eyes on the Road","","26450","true","04-project-assets/premade-adventures/cards/eyes-on-the-road.webp","https://user.uploads.dev/file/df1c6b95fa575320077decd7741baefa.webp","premade-adventures.json manifest (723 entries)"
"premade-card-image","Gyaru Till I Die","","45908","true","04-project-assets/premade-adventures/cards/gyaru-till-i-die.webp","https://user.uploads.dev/file/cd4218abfe01737b2acb05c0caa0d07e.webp","premade-adventures.json manifest (723 entries)"
"premade-card-image","The Calamity Likes Me Best","","50822","true","04-project-assets/premade-adventures/cards/the-calamity-likes-me-best.webp","https://user.uploads.dev/file/7c6fcd5610a2b7ba64fb4a4257389de5.webp","premade-adventures.json manifest (723 entries)"
"premade-card-image","Foster's Home for Imaginary Friends","","44604","true","04-project-assets/premade-adventures/cards/fosters-home-for-imaginary-friends.webp","https://user.uploads.dev/file/a345dfb0cde83521e12b6f2f5fc5ca1f.webp","premade-adventures.json manifest (723 entries)"
"premade-card-image","The Heartbreak of Unit 4B","","28954","true","04-project-assets/premade-adventures/cards/the-heartbreak-of-unit-4b.webp","https://user.uploads.dev/file/b4289bed990388f60ef12c4dc12159c9.webp","premade-adventures.json manifest (723 entries)"
"premade-card-image","Every Soul Knows the Chorus","","27648","true","04-project-assets/premade-adventures/cards/every-soul-knows-the-chorus.webp","https://user.uploads.dev/file/8868e359dbf2c92dcfdb99d65143c96f.webp","premade-adventures.json manifest (723 entries)"
"premade-card-image","The Ledger Still Says Apprentice","","49376","true","04-project-assets/premade-adventures/cards/the-ledger-still-says-apprentice.webp","https://user.uploads.dev/file/325b46ffb1a6eac9b6b86c24d68310be.webp","premade-adventures.json manifest (723 entries)"
"premade-card-image","Three Nights with the Love Hashira","","38372","true","04-project-assets/premade-adventures/cards/three-nights-with-the-love-hashira.webp","https://user.uploads.dev/file/fab1b30e27fd50a7a323a3aa97453790.webp","premade-adventures.json manifest (723 entries)"
"premade-card-image","Ask Me What You Agreed To","","38776","true","04-project-assets/premade-adventures/cards/ask-me-what-you-agreed-to.webp","https://user.uploads.dev/file/2758492bc5392785ec794fa9669a7951.webp","premade-adventures.json manifest (723 entries)"
"premade-card-image","No Plot Armor: Marrowgate","","35428","true","04-project-assets/premade-adventures/cards/no-plot-armor-marrowgate.webp","https://user.uploads.dev/file/1ba034f2fb9e41bcc27239fd74b38cb0.webp","premade-adventures.json manifest (723 entries)"
"premade-card-image","I'm the Sixth Signature","","34716","true","04-project-assets/premade-adventures/cards/im-the-sixth-signature.webp","https://user.uploads.dev/file/7a54eba44b95a60148fb7124538bb7ac.webp","premade-adventures.json manifest (723 entries)"
"premade-card-image","Moment of Weakness","","21070","true","04-project-assets/premade-adventures/cards/moment-of-weakness.webp","https://user.uploads.dev/file/ce5154b733ec42941dd9526f6067c571.webp","premade-adventures.json manifest (723 entries)"
"premade-card-image","Trigger Discipline","","24766","true","04-project-assets/premade-adventures/cards/trigger-discipline.webp","https://user.uploads.dev/file/375086b364ddc5499ab57d2948d5b470.webp","premade-adventures.json manifest (723 entries)"
"premade-card-image","Last Call at the Undertow","","38292","true","04-project-assets/premade-adventures/cards/last-call-at-the-undertow.webp","https://user.uploads.dev/file/e5bca2fa60b6c5d5420197c43bf9880e.webp","premade-adventures.json manifest (723 entries)"
"premade-card-image","Ghost Next Door","","22512","true","04-project-assets/premade-adventures/cards/ghost-next-door.webp","https://user.uploads.dev/file/2f91ca4c54b160d6986dc9974253af5c.webp","premade-adventures.json manifest (723 entries)"
"premade-card-image","König's Problem (It's You)","","17326","true","04-project-assets/premade-adventures/cards/k-nigs-problem-its-you.webp","https://user.uploads.dev/file/6b36c3f2626891ecaa7fd5dceb44a4b3.webp","premade-adventures.json manifest (723 entries)"
"premade-card-image","Sable Logs Off (Eventually)","","17520","true","04-project-assets/premade-adventures/cards/sable-logs-off-eventually.webp","https://user.uploads.dev/file/00b1ceacec6d91b94761ef5c361da8cf.webp","premade-adventures.json manifest (723 entries)"
"premade-card-image","Sagaforge Online: Blood & Respawn","","29200","true","04-project-assets/premade-adventures/cards/sagaforge-online-blood-respawn.webp","https://user.uploads.dev/file/e27d614a939942394cd0d87e4830c02d.webp","premade-adventures.json manifest (723 entries)"
"premade-card-image","Task Force 141: New Blood","","12692","true","04-project-assets/premade-adventures/cards/task-force-141-new-blood.webp","https://user.uploads.dev/file/c0402b419f97188ee0492a10f2fd995a.webp","premade-adventures.json manifest (723 entries)"
"premade-card-image","Prisoner of the Ice Queen","","31828","true","04-project-assets/premade-adventures/cards/prisoner-of-the-ice-queen.webp","https://user.uploads.dev/file/735b78babbc84a4ddd3ee5dc85caaaeb.webp","premade-adventures.json manifest (723 entries)"
"premade-card-image","Eye Contact Was a Mistake","","47502","true","04-project-assets/premade-adventures/cards/eye-contact-was-a-mistake.webp","https://user.uploads.dev/file/9919a4b88bbfb61e8312fdf1061cf24d.webp","premade-adventures.json manifest (723 entries)"
"premade-card-image","The Captain's Catch","","56406","true","04-project-assets/premade-adventures/cards/the-captains-catch.webp","https://user.uploads.dev/file/12124d9b0f16ec07496f3e85f267b5b5.webp","premade-adventures.json manifest (723 entries)"
"premade-card-image","Seconds Before Demolition","","22146","true","04-project-assets/premade-adventures/cards/seconds-before-demolition.webp","https://user.uploads.dev/file/84c9e28c4493cf4fa210bebc2c9b6223.webp","premade-adventures.json manifest (723 entries)"
"premade-card-image","Rent's Due, Breakfast's Ready","","34056","true","04-project-assets/premade-adventures/cards/rents-due-breakfasts-ready.webp","https://user.uploads.dev/file/d57c286ef9e1446b08bb042cc4cc95ca.webp","premade-adventures.json manifest (723 entries)"
"premade-card-image","One Liver, Idiot","","18768","true","04-project-assets/premade-adventures/cards/one-liver-idiot.webp","https://user.uploads.dev/file/f7a6cc54c09d342fa60291efae2994d2.webp","premade-adventures.json manifest (723 entries)"
"premade-card-image","Just Roommates (He Swears)","","24606","true","04-project-assets/premade-adventures/cards/just-roommates-he-swears.webp","https://user.uploads.dev/file/cd7bb81968775a913993afd1779a197b.webp","premade-adventures.json manifest (723 entries)"
"premade-card-image","Six Idiots, Five Seats","","25148","true","04-project-assets/premade-adventures/cards/six-idiots-five-seats.webp","https://user.uploads.dev/file/63d15c97f34957f9ae29a1839aec0aa6.webp","premade-adventures.json manifest (723 entries)"
"premade-card-image","Two Suns Too Many","","31490","true","04-project-assets/premade-adventures/cards/two-suns-too-many.webp","https://user.uploads.dev/file/7a21f1a3a27400b2de8458279c27e808.webp","premade-adventures.json manifest (723 entries)"
"premade-card-image","Free Maid (No Tasks Included)","","25934","true","04-project-assets/premade-adventures/cards/free-maid-no-tasks-included.webp","https://user.uploads.dev/file/5fefdc2c397d64732f5334bbbb9e1428.webp","premade-adventures.json manifest (723 entries)"
"premade-card-image","Best Friend in Black","","49022","true","04-project-assets/premade-adventures/cards/best-friend-in-black.webp","https://user.uploads.dev/file/7ce40c98d0d5289580bcf928d57fc246.webp","premade-adventures.json manifest (723 entries)"
"premade-card-image","The Setlist Knows Too Much","","31856","true","04-project-assets/premade-adventures/cards/the-setlist-knows-too-much.webp","https://user.uploads.dev/file/2d267195ff011100f641a6f88ea2137d.webp","premade-adventures.json manifest (723 entries)"
"premade-card-image","Frost and Feathers","","23154","true","04-project-assets/premade-adventures/cards/frost-and-feathers.webp","https://user.uploads.dev/file/030aa2b4e7245731360bb15c54394b7e.webp","premade-adventures.json manifest (723 entries)"
"premade-card-image","""S"" Is for Stuck","","20586","true","04-project-assets/premade-adventures/cards/s-is-for-stuck.webp","https://user.uploads.dev/file/542cdd57fa62a02473c923ba961743e9.webp","premade-adventures.json manifest (723 entries)"
"premade-card-image","Root Access","","5242","true","04-project-assets/premade-adventures/cards/root-access.webp","https://user.uploads.dev/file/73a5599b6772b8d4ecf2a9e192b74a23.webp","premade-adventures.json manifest (723 entries)"
"premade-card-image","Won at Dice","","25842","true","04-project-assets/premade-adventures/cards/won-at-dice.webp","https://user.uploads.dev/file/d8edaee0a6bcc21f40179d5b07adb0aa.webp","premade-adventures.json manifest (723 entries)"
"premade-card-image","Make Her Breakfast or Something","","24326","true","04-project-assets/premade-adventures/cards/make-her-breakfast-or-something.webp","https://user.uploads.dev/file/8108a100acb558ea029b3bc1fa6c54fb.webp","premade-adventures.json manifest (723 entries)"
"premade-card-image","The Rusted Bell","","31532","true","04-project-assets/premade-adventures/cards/the-rusted-bell.webp","https://user.uploads.dev/file/908c1341185c0d68901e0f75da5b6330.webp","premade-adventures.json manifest (723 entries)"
"premade-card-image","A Goblin Squire, Reporting for Duty!","","27884","true","04-project-assets/premade-adventures/cards/a-goblin-squire-reporting-for-duty.webp","https://user.uploads.dev/file/f41b7e66753de85aeb3287139a8672ed.webp","premade-adventures.json manifest (723 entries)"
"premade-card-image","Vesperhold Academy","","31804","true","04-project-assets/premade-adventures/cards/vesperhold-academy.webp","https://user.uploads.dev/file/0fb669d9f9dc128b769156d6d86d1815.webp","premade-adventures.json manifest (723 entries)"
"premade-card-image","The Only Human in Gloamspire","","28698","true","04-project-assets/premade-adventures/cards/the-only-human-in-gloamspire.webp","https://user.uploads.dev/file/7fcf54b6a7a718a227b33780d00fd945.webp","premade-adventures.json manifest (723 entries)"
"premade-card-image","Have a Grin-Fuckin' Day","","34482","true","04-project-assets/premade-adventures/cards/have-a-grin-fuckin-day.webp","https://user.uploads.dev/file/6cc37774e6966789a4900ffed9051063.webp","premade-adventures.json manifest (723 entries)"
"premade-card-image","The Prophecy Picked Wrong","","27860","true","04-project-assets/premade-adventures/cards/the-prophecy-picked-wrong.webp","https://user.uploads.dev/file/87c5a29389d1fa5d879a498e1d2c008c.webp","premade-adventures.json manifest (723 entries)"
"premade-card-image","The Scar You Left","","30362","true","04-project-assets/premade-adventures/cards/the-scar-you-left.webp","https://user.uploads.dev/file/dba02ae3eb5faf0b7c416feb474ea083.webp","premade-adventures.json manifest (723 entries)"
"premade-card-image","The Quiet at Ledgewater","","12654","true","04-project-assets/premade-adventures/cards/the-quiet-at-ledgewater.webp","https://user.uploads.dev/file/7ba3fa0fd7eb463542d26222895cc142.webp","premade-adventures.json manifest (723 entries)"
"premade-card-image","Are You All Mine Now?","","48506","true","04-project-assets/premade-adventures/cards/are-you-all-mine-now.webp","https://user.uploads.dev/file/28ec7c8591ac07bc8e27a28b03d9403c.webp","premade-adventures.json manifest (723 entries)"
"premade-card-image","The Debt in 4C","","25430","true","04-project-assets/premade-adventures/cards/the-debt-in-4c.webp","https://user.uploads.dev/file/881fa8d0f4a69a85677f2336c990f79d.webp","premade-adventures.json manifest (723 entries)"
"premade-card-image","U.A. High: Class 1-A","","31184","true","04-project-assets/premade-adventures/cards/u-a-high-class-1-a.webp","https://user.uploads.dev/file/3d3958b1e8ed857208c3976b996e5512.webp","premade-adventures.json manifest (723 entries)"
"premade-card-image","Property of Harrow Hollow","","27220","true","04-project-assets/premade-adventures/cards/property-of-harrow-hollow.webp","https://user.uploads.dev/file/ca0fcfb71af047d743674fa8de871d44.webp","premade-adventures.json manifest (723 entries)"
"premade-card-image","Plus Ultra: U.A. Transfer","","30184","true","04-project-assets/premade-adventures/cards/plus-ultra-u-a-transfer.webp","https://user.uploads.dev/file/8ad6ae9da7f8c1078114bb10c4b7d870.webp","premade-adventures.json manifest (723 entries)"
"premade-card-image","The Neighbor in 4B","","27456","true","04-project-assets/premade-adventures/cards/the-neighbor-in-4b.webp","https://user.uploads.dev/file/d356f34d0f61ae0a357edb9847be2cc0.webp","premade-adventures.json manifest (723 entries)"
"premade-card-image","Ink & Salt Air","","25496","true","04-project-assets/premade-adventures/cards/ink-salt-air.webp","https://user.uploads.dev/file/b017ec4df63b9b123065bb4f7fa1f7bd.webp","premade-adventures.json manifest (723 entries)"
"premade-card-image","Five Minutes, Sweetie","","24372","true","04-project-assets/premade-adventures/cards/five-minutes-sweetie.webp","https://user.uploads.dev/file/e743fe85705cf7e9338cba51f1328138.webp","premade-adventures.json manifest (723 entries)"
"premade-card-image","Jujutsu Kaisen: New Blood","","26014","true","04-project-assets/premade-adventures/cards/jujutsu-kaisen-new-blood.webp","https://user.uploads.dev/file/9b7bdcb03cab99fbebf77f1cc9b332f5.webp","premade-adventures.json manifest (723 entries)"
"premade-card-image","My Hero Academia: Year Zero","","45466","true","04-project-assets/premade-adventures/cards/my-hero-academia-year-zero.webp","https://user.uploads.dev/file/48ae090e15e7b36c3169e93166a08829.webp","premade-adventures.json manifest (723 entries)"
"premade-card-image","The Lovesick Assistant","","25868","true","04-project-assets/premade-adventures/cards/the-lovesick-assistant.webp","https://user.uploads.dev/file/6286924c26332d7a737ba97075afc043.webp","premade-adventures.json manifest (723 entries)"
"premade-card-image","Happy Birthday, Sabine","","29344","true","04-project-assets/premade-adventures/cards/happy-birthday-sabine.webp","https://user.uploads.dev/file/036c58b11537cb82ad940dfa95989e44.webp","premade-adventures.json manifest (723 entries)"
"premade-card-image","The Thorne Arrangement","","20556","true","04-project-assets/premade-adventures/cards/the-thorne-arrangement.webp","https://user.uploads.dev/file/7a625180714f0f89570fcdc7f8c49e20.webp","premade-adventures.json manifest (723 entries)"
"premade-card-image","Scales & Charter","","29942","true","04-project-assets/premade-adventures/cards/scales-charter.webp","https://user.uploads.dev/file/b4ddd7fe46379a028fd7356cbe660399.webp","premade-adventures.json manifest (723 entries)"
"premade-card-image","The President Knows Your Name","","23290","true","04-project-assets/premade-adventures/cards/the-president-knows-your-name.webp","https://user.uploads.dev/file/7c5cf5801489c226939a19b88b60ffb7.webp","premade-adventures.json manifest (723 entries)"
"premade-card-image","Warm House, Bared Teeth","","26618","true","04-project-assets/premade-adventures/cards/warm-house-bared-teeth.webp","https://user.uploads.dev/file/d23aaf39bbc7ae7e9bf0897e96c326ba.webp","premade-adventures.json manifest (723 entries)"
"premade-card-image","First Line, First Bite","","26932","true","04-project-assets/premade-adventures/cards/first-line-first-bite.webp","https://user.uploads.dev/file/1e9630ca39ff27f7b78355618e9f8f01.webp","premade-adventures.json manifest (723 entries)"
"premade-card-image","Rei Doesn't Talk to Anyone But You","","22316","true","04-project-assets/premade-adventures/cards/rei-doesnt-talk-to-anyone-but-you.webp","https://user.uploads.dev/file/a941b41e5945c389f097e0dfe55906b0.webp","premade-adventures.json manifest (723 entries)"
"premade-card-image","Programming Socks","","27272","true","04-project-assets/premade-adventures/cards/programming-socks.webp","https://user.uploads.dev/file/513e5576bef3651a55b7ba24ae793113.webp","premade-adventures.json manifest (723 entries)"
"premade-card-image","Her Favorite Punching Bag","","41206","true","04-project-assets/premade-adventures/cards/her-favorite-punching-bag.webp","https://user.uploads.dev/file/e3323ab8a2ed7dbf590508557d97094d.webp","premade-adventures.json manifest (723 entries)"
"premade-card-image","Sukuna: King of the Heian Age","","28518","true","04-project-assets/premade-adventures/cards/sukuna-king-of-the-heian-age.webp","https://user.uploads.dev/file/d490d2e9350f6f3d376bb827dd53cd1f.webp","premade-adventures.json manifest (723 entries)"
"premade-card-image","Tsubaki House: The Tenth Key","","29624","true","04-project-assets/premade-adventures/cards/tsubaki-house-the-tenth-key.webp","https://user.uploads.dev/file/1d9450a09862408da84ea5cf66798215.webp","premade-adventures.json manifest (723 entries)"
"premade-card-image","Sunday Best","","36086","true","04-project-assets/premade-adventures/cards/sunday-best.webp","https://user.uploads.dev/file/49bb29bb2d069eaf4309e8fbed779178.webp","premade-adventures.json manifest (723 entries)"
"premade-card-image","Roswick, 20XX","","25534","true","04-project-assets/premade-adventures/cards/roswick-20xx.webp","https://user.uploads.dev/file/752f92eececc30ec883f0d031c2aaa53.webp","premade-adventures.json manifest (723 entries)"
"premade-card-image","You Saw Nothing","","25538","true","04-project-assets/premade-adventures/cards/you-saw-nothing.webp","https://user.uploads.dev/file/5c824547ec61b2df13bd2eb34e1c764f.webp","premade-adventures.json manifest (723 entries)"
"premade-card-image","Two Suitcases and a Baby Bump","","35200","true","04-project-assets/premade-adventures/cards/two-suitcases-and-a-baby-bump.webp","https://user.uploads.dev/file/c93b44e551cb24a9787337c0dcd742bb.webp","premade-adventures.json manifest (723 entries)"
"premade-card-image","The Frost Prince Next Door","","20338","true","04-project-assets/premade-adventures/cards/the-frost-prince-next-door.webp","https://user.uploads.dev/file/68425ee7486b3f8bd1673736dd761b4f.webp","premade-adventures.json manifest (723 entries)"
"premade-card-image","Katsuki Bakugo: After the War","","27560","true","04-project-assets/premade-adventures/cards/katsuki-bakugo-after-the-war.webp","https://user.uploads.dev/file/9fa83194e19b6393df6fef5fb795e120.webp","premade-adventures.json manifest (723 entries)"
"premade-card-image","Tali'Zorah: Shore Leave","","22206","true","04-project-assets/premade-adventures/cards/talizorah-shore-leave.webp","https://user.uploads.dev/file/60ff0b46f914190247e980b2fc0a550f.webp","premade-adventures.json manifest (723 entries)"
"premade-card-image","Night Shift at Sunny Mart","","34050","true","04-project-assets/premade-adventures/cards/night-shift-at-sunny-mart.webp","https://user.uploads.dev/file/cf968d0f709acf19943c1232f4793cb3.webp","premade-adventures.json manifest (723 entries)"
"premade-card-image","Demon Slayer: The Blade or the Blood","","40620","true","04-project-assets/premade-adventures/cards/demon-slayer-the-blade-or-the-blood.webp","https://user.uploads.dev/file/a50be61fb1a5f62c9e48b646334404ce.webp","premade-adventures.json manifest (723 entries)"
"premade-card-image","The Inspector Orders the Usual","","19792","true","04-project-assets/premade-adventures/cards/the-inspector-orders-the-usual.webp","https://user.uploads.dev/file/bb2f5267dfc7f5fc93a11e8e175e013a.webp","premade-adventures.json manifest (723 entries)"
"premade-card-image","Room 4B and the Brat Who Lives There","","25542","true","04-project-assets/premade-adventures/cards/room-4b-and-the-brat-who-lives-there.webp","https://user.uploads.dev/file/a9f82917ebd94527d51e3a127948e7c7.webp","premade-adventures.json manifest (723 entries)"
"premade-card-image","Welcome to Patty Palace, Idiot","","35688","true","04-project-assets/premade-adventures/cards/welcome-to-patty-palace-idiot.webp","https://user.uploads.dev/file/cb1a6962535fe626c51b2ec9a827a605.webp","premade-adventures.json manifest (723 entries)"
"premade-card-image","Snowed In With the Cheer Squad","","28698","true","04-project-assets/premade-adventures/cards/snowed-in-with-the-cheer-squad.webp","https://user.uploads.dev/file/ac5183956c02620b67159736ad583734.webp","premade-adventures.json manifest (723 entries)"
"premade-card-image","Have a Flippin' Great Day","","37966","true","04-project-assets/premade-adventures/cards/have-a-flippin-great-day.webp","https://user.uploads.dev/file/30d392cbdc770d3650c33e128fa0e1af.webp","premade-adventures.json manifest (723 entries)"
"premade-card-image","Nut Case: Kagutsuchi Recon","","31866","true","04-project-assets/premade-adventures/cards/nut-case-kagutsuchi-recon.webp","https://user.uploads.dev/file/de78b3e3afc3cdb2e4dd85f7f87682a9.webp","premade-adventures.json manifest (723 entries)"
"premade-card-image","Down Bad in Room 4B","","23158","true","04-project-assets/premade-adventures/cards/down-bad-in-room-4b.webp","https://user.uploads.dev/file/9a06f604a87fdfb8a949ca48de3df189.webp","premade-adventures.json manifest (723 entries)"
"premade-card-image","Zenless Zone Zero: New Eridu Days","","45938","true","04-project-assets/premade-adventures/cards/zenless-zone-zero-new-eridu-days.webp","https://user.uploads.dev/file/12e6e5c7b4ca5fed266045ca427d165d.webp","premade-adventures.json manifest (723 entries)"
"premade-card-image","Her Brother's Bully","","39004","true","04-project-assets/premade-adventures/cards/her-brothers-bully.webp","https://user.uploads.dev/file/0564130b7fd6f682d64d1de1b0ccbc9f.webp","premade-adventures.json manifest (723 entries)"
"premade-card-image","Judy Hopps: Meter Maid, Menace","","39442","true","04-project-assets/premade-adventures/cards/judy-hopps-meter-maid-menace.webp","https://user.uploads.dev/file/5264c05ea8978753d4e0c7afcbd414c7.webp","premade-adventures.json manifest (723 entries)"
"premade-card-image","Home by Dawn","","31926","true","04-project-assets/premade-adventures/cards/home-by-dawn.webp","https://user.uploads.dev/file/85bda4cdc50d8b0b943cd16700de1831.webp","premade-adventures.json manifest (723 entries)"
"premade-card-image","Kill la Kill: Transfer Student","","55754","true","04-project-assets/premade-adventures/cards/kill-la-kill-transfer-student.webp","https://user.uploads.dev/file/aeb3c3070330ee299bf342bd4761caa1.webp","premade-adventures.json manifest (723 entries)"
"premade-card-image","Dead Weight","","24790","true","04-project-assets/premade-adventures/cards/dead-weight.webp","https://user.uploads.dev/file/1ec461f22519e93d5d1ebcaadd950705.webp","premade-adventures.json manifest (723 entries)"
"premade-card-image","U.A. Transfer: Class 3-A","","40204","true","04-project-assets/premade-adventures/cards/u-a-transfer-class-3-a.webp","https://user.uploads.dev/file/26dfd22e7c10863a12cf02ed9e29cee1.webp","premade-adventures.json manifest (723 entries)"
"premade-card-image","Trapped With Ghost","","27088","true","04-project-assets/premade-adventures/cards/trapped-with-ghost.webp","https://user.uploads.dev/file/0607d342fce2b5caa1de96604d817a9a.webp","premade-adventures.json manifest (723 entries)"
"premade-card-image","Powerless in the House of Heroes","","29538","true","04-project-assets/premade-adventures/cards/powerless-in-the-house-of-heroes.webp","https://user.uploads.dev/file/a3f0c860e524ff038ff8acdbd6fd7ce2.webp","premade-adventures.json manifest (723 entries)"
"premade-card-image","The Girl in Seat 14","","18762","true","04-project-assets/premade-adventures/cards/the-girl-in-seat-14.webp","https://user.uploads.dev/file/159526dffa76a7432ceb50d7fd3c1944.webp","premade-adventures.json manifest (723 entries)"
"premade-card-image","The Collector","","16594","true","04-project-assets/premade-adventures/cards/the-collector.webp","https://user.uploads.dev/file/98c86e9854e177fc34eb2c2800085400.webp","premade-adventures.json manifest (723 entries)"
"premade-card-image","The Housekeeper's Secret","","38580","true","04-project-assets/premade-adventures/cards/the-housekeepers-secret.webp","https://user.uploads.dev/file/44989f3b53b67933d7cf19a5651c9cb1.webp","premade-adventures.json manifest (723 entries)"
"premade-card-image","Fenwhistle: The Free City","","33278","true","04-project-assets/premade-adventures/cards/fenwhistle-the-free-city.webp","https://user.uploads.dev/file/65340622946de70f9e2d8dbda546c65f.webp","premade-adventures.json manifest (723 entries)"
"premade-card-image","Off Limits","","23510","true","04-project-assets/premade-adventures/cards/off-limits.webp","https://user.uploads.dev/file/9a62fd247da868d4a2da632010182d51.webp","premade-adventures.json manifest (723 entries)"
"premade-card-image","Halden Hall","","37442","true","04-project-assets/premade-adventures/cards/halden-hall.webp","https://user.uploads.dev/file/44f44aa0de7fc90f4ecc22a934ce68ed.webp","premade-adventures.json manifest (723 entries)"
"premade-card-image","Touhou: Grand Gensokyo Adventure","","32460","true","04-project-assets/premade-adventures/cards/touhou-grand-gensokyo-adventure.webp","https://user.uploads.dev/file/4414e7f5f3aff436202ba1163a0721da.webp","premade-adventures.json manifest (723 entries)"
"premade-card-image","The Mute Hero of Erevast","","32524","true","04-project-assets/premade-adventures/cards/the-mute-hero-of-erevast.webp","https://user.uploads.dev/file/32465f800e5b77cb0ef936eb6ae47f21.webp","premade-adventures.json manifest (723 entries)"
"premade-card-image","Team Bonding (Derogatory)","","27106","true","04-project-assets/premade-adventures/cards/team-bonding-derogatory.webp","https://user.uploads.dev/file/005de67cc56ff7dfe52d5d3e8a537100.webp","premade-adventures.json manifest (723 entries)"
"premade-card-image","My Hero Academia: U.A. Days","","34022","true","04-project-assets/premade-adventures/cards/my-hero-academia-u-a-days.webp","https://user.uploads.dev/file/501d02020fcc4e12e5ae849101fb27a3.webp","premade-adventures.json manifest (723 entries)"
"premade-card-image","Come Home, Puppy","","38024","true","04-project-assets/premade-adventures/cards/come-home-puppy.webp","https://user.uploads.dev/file/7ef4f66ccee371c73eb02e155b25bb4f.webp","premade-adventures.json manifest (723 entries)"
"premade-card-image","Ghost in the Dead City","","22160","true","04-project-assets/premade-adventures/cards/ghost-in-the-dead-city.webp","https://user.uploads.dev/file/df9f7f8f87884676da5b3668373a2ba3.webp","premade-adventures.json manifest (723 entries)"
"premade-card-image","Unit V-9 Reporting","","15086","true","04-project-assets/premade-adventures/cards/unit-v-9-reporting.webp","https://user.uploads.dev/file/540a274e3bdb9731782d29bc1d71c422.webp","premade-adventures.json manifest (723 entries)"
"premade-card-image","Crown of Knives","","20914","true","04-project-assets/premade-adventures/cards/crown-of-knives.webp","https://user.uploads.dev/file/0617efeea713fcccb209ffbe8569745c.webp","premade-adventures.json manifest (723 entries)"
"premade-card-image","The Boy Called Seven","","29044","true","04-project-assets/premade-adventures/cards/the-boy-called-seven.webp","https://user.uploads.dev/file/4aee1f3127280d661c0bddd5919b5264.webp","premade-adventures.json manifest (723 entries)"
"premade-card-image","Person of Interest","","25326","true","04-project-assets/premade-adventures/cards/person-of-interest.webp","https://user.uploads.dev/file/85d100be4aaeabee7b43ea19c1875571.webp","premade-adventures.json manifest (723 entries)"
"premade-card-image","Second Life: The System Awaits","","29494","true","04-project-assets/premade-adventures/cards/second-life-the-system-awaits.webp","https://user.uploads.dev/file/fdfca78292970771673d7657c5f90e25.webp","premade-adventures.json manifest (723 entries)"
"premade-card-image","Bad Dog","","24552","true","04-project-assets/premade-adventures/cards/bad-dog.webp","https://user.uploads.dev/file/f0fad42acfeeb26087d1d0a9d794320b.webp","premade-adventures.json manifest (723 entries)"
"premade-card-image","The Silver Queen of Thalvenar","","33720","true","04-project-assets/premade-adventures/cards/the-silver-queen-of-thalvenar.webp","https://user.uploads.dev/file/9875149e65d9c5da41d57f79f6a1e5c8.webp","premade-adventures.json manifest (723 entries)"
"premade-card-image","Vesper Hollow: Trust Nobody","","33824","true","04-project-assets/premade-adventures/cards/vesper-hollow-trust-nobody.webp","https://user.uploads.dev/file/330483a7f2f9608ecd6fe59dc529be3d.webp","premade-adventures.json manifest (723 entries)"
"premade-card-image","Third Wheel","","27346","true","04-project-assets/premade-adventures/cards/third-wheel.webp","https://user.uploads.dev/file/766501d27eeda5099ecc60e62eac810e.webp","premade-adventures.json manifest (723 entries)"
"premade-card-image","Hazbin Hell: Your Afterlife","","36840","true","04-project-assets/premade-adventures/cards/hazbin-hell-your-afterlife.webp","https://user.uploads.dev/file/6c32804437149781a1db282857efb579.webp","premade-adventures.json manifest (723 entries)"
"premade-card-image","Grease, Smoke & Dahlia","","34100","true","04-project-assets/premade-adventures/cards/grease-smoke-dahlia.webp","https://user.uploads.dev/file/c29cfe97605c9e40ee7af5f806ea1a76.webp","premade-adventures.json manifest (723 entries)"
"premade-card-image","An Accord with Melina","","18080","true","04-project-assets/premade-adventures/cards/an-accord-with-melina.webp","https://user.uploads.dev/file/401ec504e57258bc31fd955182465c53.webp","premade-adventures.json manifest (723 entries)"
"premade-card-image","Z-Team: The Phoenix Program","","29300","true","04-project-assets/premade-adventures/cards/z-team-the-phoenix-program.webp","https://user.uploads.dev/file/a1ede17bd9538537544234ce50f91aa7.webp","premade-adventures.json manifest (723 entries)"
"premade-card-image","Don't Wait Up","","19518","true","04-project-assets/premade-adventures/cards/dont-wait-up.webp","https://user.uploads.dev/file/1e1899a0f2f1a2e858364f478d49a0c3.webp","premade-adventures.json manifest (723 entries)"
"premade-card-image","Left on Read","","18324","true","04-project-assets/premade-adventures/cards/left-on-read.webp","https://user.uploads.dev/file/90372b917cd08dcff12cee8258c2f1b1.webp","premade-adventures.json manifest (723 entries)"
"premade-card-image","Sonia: Dawn of Hyrule","","43606","true","04-project-assets/premade-adventures/cards/sonia-dawn-of-hyrule.webp","https://user.uploads.dev/file/b08681345dc9f28423f972185e355bb5.webp","premade-adventures.json manifest (723 entries)"
"premade-card-image","The Plague of Yongen-Jaya","","34336","true","04-project-assets/premade-adventures/cards/the-plague-of-yongen-jaya.webp","https://user.uploads.dev/file/2105ec70bc8f23bf34857bcbb9726641.webp","premade-adventures.json manifest (723 entries)"
"premade-card-image","Three Years, Two Apologies","","28530","true","04-project-assets/premade-adventures/cards/three-years-two-apologies.webp","https://user.uploads.dev/file/059704b73c7ef74527a58edd536be8ac.webp","premade-adventures.json manifest (723 entries)"
"premade-card-image","Ghost: Bravo 0-7","","20830","true","04-project-assets/premade-adventures/cards/ghost-bravo-0-7.webp","https://user.uploads.dev/file/3529854dd5ad0f8346cf699a0bdd9244.webp","premade-adventures.json manifest (723 entries)"
"premade-card-image","Verano City: Zero to Anything","","42656","true","04-project-assets/premade-adventures/cards/verano-city-zero-to-anything.webp","https://user.uploads.dev/file/1994d5adab05ff9a7444496ee9291b9f.webp","premade-adventures.json manifest (723 entries)"
"premade-card-image","Remedial Conditioning","","16696","true","04-project-assets/premade-adventures/cards/remedial-conditioning.webp","https://user.uploads.dev/file/3ef5375cdca7bc3fc59cd3d15ab9f602.webp","premade-adventures.json manifest (723 entries)"
"premade-card-image","Hermione Granger: The Fourth Seat","","25926","true","04-project-assets/premade-adventures/cards/hermione-granger-the-fourth-seat.webp","https://user.uploads.dev/file/2ed58d02e4a7cda18f5fc392d2127cb2.webp","premade-adventures.json manifest (723 entries)"
"premade-card-image","A Third Place at the Table","","26268","true","04-project-assets/premade-adventures/cards/a-third-place-at-the-table.webp","https://user.uploads.dev/file/1889e0bf00c66e57478877ab1809a2db.webp","premade-adventures.json manifest (723 entries)"
"premade-card-image","The Wolf in the Ledger","","17294","true","04-project-assets/premade-adventures/cards/the-wolf-in-the-ledger.webp","https://user.uploads.dev/file/d47ae42aac07e65020b213e5623def51.webp","premade-adventures.json manifest (723 entries)"
"premade-card-image","Second Life, No Tutorial","","14244","true","04-project-assets/premade-adventures/cards/second-life-no-tutorial.webp","https://user.uploads.dev/file/28a08a5bee36854c79596bcb5070eeaf.webp","premade-adventures.json manifest (723 entries)"
"premade-card-image","Rooftop Tanuki of Kettle Row","","34602","true","04-project-assets/premade-adventures/cards/rooftop-tanuki-of-kettle-row.webp","https://user.uploads.dev/file/07495db1629f2a77788d94db9394910d.webp","premade-adventures.json manifest (723 entries)"
"premade-card-image","The Debt Bride of Tsubame-ya","","23576","true","04-project-assets/premade-adventures/cards/the-debt-bride-of-tsubame-ya.webp","https://user.uploads.dev/file/1998cf6eed5d8dff4fc981d56c392526.webp","premade-adventures.json manifest (723 entries)"
"premade-card-image","Locked In With Leyley","","18586","true","04-project-assets/premade-adventures/cards/locked-in-with-leyley.webp","https://user.uploads.dev/file/5e68284ed1dde2f5469cc5dd08aa54c4.webp","premade-adventures.json manifest (723 entries)"
"premade-card-image","The Emerald Herald","","20808","true","04-project-assets/premade-adventures/cards/the-emerald-herald.webp","https://user.uploads.dev/file/f16190b2f9b580a2a83ad748f430127c.webp","premade-adventures.json manifest (723 entries)"
"premade-card-image","The Cold Side of the Bed","","16070","true","04-project-assets/premade-adventures/cards/the-cold-side-of-the-bed.webp","https://user.uploads.dev/file/bbd8d9957c12943435380c88e51f7708.webp","premade-adventures.json manifest (723 entries)"
"premade-card-image","Report for Inspection","","18828","true","04-project-assets/premade-adventures/cards/report-for-inspection.webp","https://user.uploads.dev/file/9df850adeed567e897d7d6257833ecea.webp","premade-adventures.json manifest (723 entries)"
"premade-card-image","Meridian: The Bright Rot","","46662","true","04-project-assets/premade-adventures/cards/meridian-the-bright-rot.webp","https://user.uploads.dev/file/54d59dea649394cfcdab4fd3c380a024.webp","premade-adventures.json manifest (723 entries)"
"premade-card-image","One Bed, Two Bullies","","29082","true","04-project-assets/premade-adventures/cards/one-bed-two-bullies.webp","https://user.uploads.dev/file/ef6dc0646e975eac1812e5c24507ca99.webp","premade-adventures.json manifest (723 entries)"
"premade-card-image","Callister Bay","","41420","true","04-project-assets/premade-adventures/cards/callister-bay.webp","https://user.uploads.dev/file/a601ea8a5d9538e87b66122e67b94d02.webp","premade-adventures.json manifest (723 entries)"
"premade-card-image","Start Anywhere","","29332","true","04-project-assets/premade-adventures/cards/start-anywhere.webp","https://user.uploads.dev/file/25abe1555a5e8000b0fa66ff3d342759.webp","premade-adventures.json manifest (723 entries)"
"premade-card-image","Vashtir Takes All Kinds","","33136","true","04-project-assets/premade-adventures/cards/vashtir-takes-all-kinds.webp","https://user.uploads.dev/file/fd08bbd54a93a61cf19778d1f4a42a7c.webp","premade-adventures.json manifest (723 entries)"
"data-asset","massive-word-list.txt","","1500231","true","04-project-assets/data/wordlists/massive-word-list.txt","https://user.uploads.dev/file/fdd83a6f7348fec983cb2583936beaf5.txt","Creativity seed words, one per line. Fetched on load into window.massiveWordList and sampled into the instructions to vary story openings."
"data-asset","story-tags.txt","","3222148","true","04-project-assets/data/wordlists/story-tags.txt","https://user.uploads.dev/file/f81d2b202b03da473014d0f2db351931.txt","Story tag names (window.massiveStoryTagsList) - used for creativity seeds and the tag suggestor."
"data-asset","tag-vector-pack.bin","","6645116","true","04-project-assets/data/wordlists/tag-vector-pack.bin","https://user.uploads.dev/file/a5aed167ed50de1e081c05fea18a9010.bin","Packed quantized tag embedding vectors + LSH tables for the overview tag-suggestor (decoded by decodePacked())."
"data-asset","tag-counts.bin","","663404","true","04-project-assets/data/wordlists/tag-counts.bin","https://user.uploads.dev/file/77c9fc95d491d1d4ce8d0018a29315c1.bin","Uint32Array of per-tag usage counts, paired with tag-vector-pack.bin."
"data-asset","emoji-name-map.txt","","4546603","true","04-project-assets/data/emoji-name-map.txt","https://user.uploads.dev/file/a39d52b89a33865b9a903fcc5786a2da.txt","Custom emoji name -> .webp sprite filename map (the huge-emoji-list generator's $output) used by the comments plugin."
"data-asset","premade-adventures.json","","10019449","true","04-project-assets/data/premade-adventures.json","https://user.uploads.dev/file/4bae8c63c1b8a8f0485e27e30737dc44.json","Full premade-adventures manifest (723 entries: title, rating, tags, description, overview text, cardImage). Loaded via window.premadeAdventuresManifestUrl."
"data-asset","social-image.jpeg","","232494","true","04-project-assets/meta/social-image.jpeg","https://user.uploads.dev/file/7779244672aaaf6c2c3c6b72d61c600a.jpeg","The generator's $meta.image (listing/social preview image)."
"external-library","cbor-x-1.6.0.js","","87547","true","03-external-libraries/cbor-x/cbor-x-1.6.0.js","https://user.uploads.dev/file/4cc84b2c503aad595e5c6e9fffe24602.js","CBOR (de)serialization for save/share payloads"
"external-library","ua-parser-js-2.0.0-rc.1.js","","30035","true","03-external-libraries/ua-parser-js/ua-parser-js-2.0.0-rc.1.js","https://user.uploads.dev/file/f2e26ac127c029f401f2a990a4bafbe8.js","Browser/device detection used by bug-report-plugin"
"external-library","idb-keyval-6.esm.js","","2320","true","03-external-libraries/idb-keyval/idb-keyval-6.esm.js","https://cdn.jsdelivr.net/npm/idb-keyval@6/+esm","IndexedDB key/value store used by kv-plugin"
"external-library","zip.js-2.7.60-esm-entry-shim.js","","506","true","03-external-libraries/zip.js/zip.js-2.7.60-esm-entry-shim.js","https://esm.sh/@zip.js/zip.js@2.7.60","zip read/write for adventure import/export (this file is the tiny esm.sh entry shim; the real module is fetched from esm.sh at runtime)"
"external-library","tokenizer-training-script.ts","","22115","true","03-external-libraries/perchance-tools/tokenizer-training-script.ts","https://user.uploads.dev/file/e29eab687b1fbf129076ec6057484bb3.js","Dev tool referenced in ai-text-plugin: Deno script that trains the fast bigram token counter"
